z,n,name,levelEnergy(MeV),halflife,halflifeUnit,halflifeUncertainty,decayModes,abundance,abundanceUncertainty,betaMinus(keV),betaMinusUncertainty,electronCapture(keV),electronCaptureUncertainty,positronEmission(keV),positronEmissionUncertainty,alpha(keV),alphaUncertainty
92,123,215U,,,,,,,,,,7.08E+03,13,6.06E+03,13,8.59E+03,6
92,130,222U,0,4.7,us,2,A AP 100.00,,,-7.00E+03,6,2.21E+03,10,1.19E+03,10,9.48E+03,5
92,132,224U,0,0.84,ms,18,A = 100.00,,,-6.29E+03,3,1880,17,858,17,8628,7
92,131,223U,0,18,us,5,A = 100.00,,,-4.61E+03,10,3.71E+03,10,2.69E+03,10,9158,17
92,131,223U,0,18,us,5,EC = 0.20,,,-4.61E+03,10,3.71E+03,10,2.69E+03,10,9158,17
92,134,226U,0,268,ms,9,A = 100.00,,,-5.49E+03,10,1295,16,273,16,7701,4
92,133,225U,0,95,ms,15,A = 100.00,,,-4.25E+03,9,3.02E+03,8,1.99E+03,8,8007,6
92,125,217U,0,16,ms,15,A LE 100.00,,,,,5.92E+03,8,4.89E+03,8,8.43E+03,8
92,124,216U,0,4.5,ms,31,A LE 100.00,,,,,5.24E+03,4,4.22E+03,4,8.53E+03,3
92,124,216U,2.24,0.7,ms,11,A AP 0.00,,,,,5.24E+03,4,4.22E+03,4,8.53E+03,3
92,124,216U,2.24,0.7,ms,11,IT ? 0.00,,,,,5.24E+03,4,4.22E+03,4,8.53E+03,3
92,127,219U,0,42,us,21,A = 100.00,,,-6.14E+03,9,4.71E+03,7,3.69E+03,7,9950,12
92,126,218U,0,0.51,ms,16,A = 100.00,,,,,3245,23,2223,23,8775,9
92,126,218U,2.105,0.56,ms,25,A = 100.00,,,,,3245,23,2223,23,8775,9
92,129,221U,0,0.66,us,14,A AP 100.00,,,-5.39E+03,21,4.15E+03,9,3.12E+03,9,9.89E+03,7
92,128,220U,0,,,,A ? ,,,-7.46E+03,11,2.74E+03,10,1.71E+03,10,1.03E+04,10
92,128,220U,0,,,,EC ? ,,,-7.46E+03,11,2.74E+03,10,1.71E+03,10,1.03E+04,10
92,141,233U,0,1.59E+05,y,2,A = 100.00,,,-1.03E+03,5,-570.3,20,-1592.3,20,4908.7,12
92,141,233U,0,1.59E+05,y,2,24Ne = 9E-10,,,-1.03E+03,5,-570.3,20,-1592.3,20,4908.7,12
92,141,233U,0,1.59E+05,y,2,SF LT 6E-11,,,-1.03E+03,5,-570.3,20,-1592.3,20,4908.7,12
92,141,233U,0,1.59E+05,y,2,8Mg = <1.E-13,,,-1.03E+03,5,-570.3,20,-1592.3,20,4908.7,12
92,140,232U,0,68.9,y,4,A = 100.00,,,-2.75E+03,10,-1337,7,-2359,7,5413.63,9
92,140,232U,0,68.9,y,4,24Ne = 9E-10,,,-2.75E+03,10,-1337,7,-2359,7,5413.63,9
92,140,232U,0,68.9,y,4,SF = 3E-12,,,-2.75E+03,10,-1337,7,-2359,7,5413.63,9
92,143,235U,0,7.04E+08,y,1,A = 100.00,0.72%,6,-124.3,9,-1370,14,-2392,14,4678.1,7
92,143,235U,0,7.04E+08,y,1,SF = 7.0E-9,0.72%,6,-124.3,9,-1370,14,-2392,14,4678.1,7
92,143,235U,0,7.04E+08,y,1,28Mg = 8.E-10,0.72%,6,-124.3,9,-1370,14,-2392,14,4678.1,7
92,143,235U,0,7.04E+08,y,1,20Ne = 8.E-10,0.72%,6,-124.3,9,-1370,14,-2392,14,4678.1,7
92,143,235U,0,7.04E+08,y,1,25Ne AP 8.E-10,0.72%,6,-124.3,9,-1370,14,-2392,14,4678.1,7
92,143,235U,7.60E-05,26,m,AP,IT = 100.00,0.72%,6,-124.3,9,-1370,14,-2392,14,4678.1,7
92,143,235U,2.5,3.6,ms,18,SF ? ,0.72%,6,-124.3,9,-1370,14,-2392,14,4678.1,7
92,142,234U,0,2.46E+05,y,6,A = 100.00,0.01%,5,-1810,8,-2194,4,-3216,4,4857.5,7
92,142,234U,0,2.46E+05,y,6,SF = 1.6E-9,0.01%,5,-1810,8,-2194,4,-3216,4,4857.5,7
92,142,234U,0,2.46E+05,y,6,Mg = 1E-11,0.01%,5,-1810,8,-2194,4,-3216,4,4857.5,7
92,142,234U,0,2.46E+05,y,6,Ne = 9E-12,0.01%,5,-1810,8,-2194,4,-3216,4,4857.5,7
92,145,237U,0,6.75,d,1,B- = 100.00,,,518.5,5,-2137,13,-3159,13,4233.6,10
92,144,236U,0,2.34E+07,y,4,A = 100.00,,,-9.30E+02,5,-2889,14,-3911,14,4573,9
92,144,236U,0,2.34E+07,y,4,SF = 9.4E-8,,,-9.30E+02,5,-2889,14,-3911,14,4573,9
92,136,228U,0,9.1,m,2,A AP 95.00,,,-4.60E+03,10,296,14,-726,14,6800,9
92,136,228U,0,9.1,m,2,EC LT 5.00,,,-4.60E+03,10,296,14,-726,14,6800,9
92,135,227U,0,1.1,m,1,A = 100.00,,,-3.53E+03,8,2215,11,1193,11,7235,3
92,138,230U,0,20.8,d,,A = 100.00,,,-3.62E+03,6,-559,5,-1581,5,5992.5,5
92,138,230U,0,20.8,d,,SF LT 1E-10,,,-3.62E+03,6,-559,5,-1581,5,5992.5,5
92,138,230U,0,20.8,d,,24Ne = 5E-12,,,-3.62E+03,6,-559,5,-1581,5,5992.5,5
92,137,229U,0,58,m,3,EC AP 80.00,,,-2.59E+03,10,1314,7,292,7,6476,3
92,137,229U,0,58,m,3,A AP 20.00,,,-2.59E+03,10,1314,7,292,7,6476,3
92,139,231U,0,4.2,d,1,EC = 100.00,,,-1.82E+03,5,381.6,20,-640.4,20,5576.3,17
92,139,231U,0,4.2,d,1,A AP 4.0E-3,,,-1.82E+03,5,381.6,20,-640.4,20,5576.3,17
92,150,242U,0,16.8,m,5,B- = 100.00,,,1.20E+03,3,,,,,3.67E+03,20
92,151,243U,,,,,,,,2.70E+03,3,,,,,3.60E+03,5
92,147,239U,0,23.45,m,2,B- = 100.00,,,1261.7,15,-2.76E+03,20,-3.79E+03,20,4130,13
92,146,238U,0,4.47E+09,y,6,A = 100.00,99.27%,10,-146.9,12,-3586,16,-4608,16,4269.9,21
92,146,238U,0,4.47E+09,y,6,SF = 5.4E-5,99.27%,10,-146.9,12,-3586,16,-4608,16,4269.9,21
92,146,238U,2.5579,280,ns,6,IT = 97.40,99.27%,10,-146.9,12,-3586,16,-4608,16,4269.9,21
92,146,238U,2.5579,280,ns,6,SF = 2.60,99.27%,10,-146.9,12,-3586,16,-4608,16,4269.9,21
92,149,241U,,,,,B- ? ,,,1.88E+03,22,-3.50E+03,4,-4.60E+03,4,3.82E+03,20
92,148,240U,0,14.1,h,1,B- = 100.00,,,399,17,-4.29E+03,20,-5.32E+03,20,4035,14
93,129,222Np,,,,,,,,-3.80E+03,3,7.00E+03,6,5.98E+03,6,1.02E+04,3
93,128,221Np,,,,,,,,-6.00E+03,4,5.39E+03,21,4.37E+03,21,1.04E+04,20
93,127,220Np,,,,,,,,,,7.46E+03,11,6.44E+03,11,10226,18
93,126,219Np,,,,,,,,,,6.14E+03,9,5.12E+03,9,9.21E+03,4
93,133,226Np,0,35,ms,10,A = 100.00,,,-2.81E+03,23,5.49E+03,10,4.47E+03,10,8.33E+03,5
93,132,225Np,0,3.6,ms,49,A AP 100.00,,,-4.70E+03,3,4.25E+03,9,3.22E+03,9,8.82E+03,7
93,132,225Np,0,3.6,ms,49,EC ? ,,,-4.70E+03,3,4.25E+03,9,3.22E+03,9,8.82E+03,7
93,131,224Np,,,,,,,,-3.20E+03,3,6.29E+03,3,5.27E+03,3,9.33E+03,3
93,130,223Np,,,,,,,,-5.50E+03,3,4.61E+03,10,3.59E+03,10,9.65E+03,4
93,149,242Np,0,2.2,m,2,B- = 100.00,,,2.70E+03,20,-1.20E+03,3,-2.20E+03,3,4.10E+03,20
93,149,242Np,0,5.5,m,1,B- = 100.00,,,2.70E+03,20,-1.20E+03,3,-2.20E+03,3,4.10E+03,20
93,148,241Np,0,13.9,m,2,B- = 100.00,,,1.36E+03,10,-1.88E+03,22,-2.90E+03,22,4.36E+03,10
93,147,240Np,0,61.9,m,2,B- = 100.00,,,2191,17,-399,17,-1421,17,4557,22
93,147,240Np,0,7.22,m,2,B- = 99.88,,,2191,17,-399,17,-1421,17,4557,22
93,147,240Np,0,7.22,m,2,IT = 0.12,,,2191,17,-399,17,-1421,17,4557,22
93,146,239Np,0,2.356,d,3,B- = 100.00,,,722.8,9,-1261.7,15,-2283.7,15,4597,14
93,145,238Np,0,2.117,d,2,B- = 100.00,,,1291.4,5,146.9,12,-875.1,12,4691,4
93,152,245Np,,,,,,,,2.67E+03,20,,,,,3.70E+03,4
93,151,244Np,0,2.29,m,16,B- = 100.00,,,3.43E+03,10,,,,,3.81E+03,22
93,150,243Np,0,1.85,m,15,B- = 100.00,,,2.05E+03,3,-2.70E+03,3,-3.70E+03,3,4.04E+03,20
93,139,232Np,0,14.7,m,3,EC = 100.00,,,-1.00E+03,10,2.75E+03,10,1.73E+03,10,6.01E+03,10
93,139,232Np,0,14.7,m,3,A = 2.0E-4,,,-1.00E+03,10,2.75E+03,10,1.73E+03,10,6.01E+03,10
93,138,231Np,0,48.8,m,2,EC = 98.00,,,-2.68E+03,6,1.82E+03,5,8.00E+02,5,6.37E+03,5
93,138,231Np,0,48.8,m,2,A = 2.00,,,-2.68E+03,6,1.82E+03,5,8.00E+02,5,6.37E+03,5
93,137,230Np,0,4.6,m,3,EC LE 97.00,,,-1.70E+03,6,3.62E+03,6,2.60E+03,6,6.78E+03,5
93,137,230Np,0,4.6,m,3,A AP 3.00,,,-1.70E+03,6,3.62E+03,6,2.60E+03,6,6.78E+03,5
93,136,229Np,0,4,m,2,A = 68.00,,,-3.59E+03,12,2.59E+03,10,1.57E+03,10,7.02E+03,6
93,136,229Np,0,4,m,2,EC = 32.00,,,-3.59E+03,12,2.59E+03,10,1.57E+03,10,7.02E+03,6
93,135,228Np,0,61.4,s,14,EC = 60.00,,,-2.28E+03,10,4.61E+03,10,3.58E+03,10,7.54E+03,10
93,135,228Np,0,61.4,s,14,A = 40.00,,,-2.28E+03,10,4.61E+03,10,3.58E+03,10,7.54E+03,10
93,134,227Np,0,0.51,s,6,A = 100.00,,,-4.19E+03,13,3.53E+03,8,2.51E+03,8,7816,14
93,144,237Np,0,2.14E+06,y,7,A = 100.00,,,-220.1,13,-518.5,5,-1540.5,5,4957.3,7
93,144,237Np,0,2.14E+06,y,7,SF LE 2E-10,,,-220.1,13,-518.5,5,-1540.5,5,4957.3,7
93,143,236Np,0,1.53E+05,y,5,EC = 86.30,,,4.80E+02,5,9.30E+02,5,-9.00E+01,5,5.01E+03,5
93,143,236Np,0,1.53E+05,y,5,B- = 13.50,,,4.80E+02,5,9.30E+02,5,-9.00E+01,5,5.01E+03,5
93,143,236Np,0,1.53E+05,y,5,A = 0.16,,,4.80E+02,5,9.30E+02,5,-9.00E+01,5,5.01E+03,5
93,143,236Np,0,22.5,h,4,B- = 50.00,,,4.80E+02,5,9.30E+02,5,-9.00E+01,5,5.01E+03,5
93,143,236Np,0,22.5,h,4,EC = 50.00,,,4.80E+02,5,9.30E+02,5,-9.00E+01,5,5.01E+03,5
93,142,235Np,0,396.1,d,12,EC = 100.00,,,-1139,20,124.3,9,-897.7,9,5193.8,15
93,142,235Np,0,396.1,d,12,A = 2.6E-3,,,-1139,20,124.3,9,-897.7,9,5193.8,15
93,141,234Np,0,4.4,d,1,EC = 100.00,,,-395,11,1810,8,788,8,5356,9
93,140,233Np,0,36.2,m,1,EC = 100.00,,,-2.10E+03,7,1.03E+03,5,0,AP,5.63E+03,5
93,140,233Np,0,36.2,m,1,A LE 1.0E-3,,,-2.10E+03,7,1.03E+03,5,0,AP,5.63E+03,5
94,130,224Pu,,,,,,,,-8.00E+03,5,3.20E+03,3,2.20E+03,3,9.80E+03,3
94,132,226Pu,,,,,,,,-7.30E+03,4,2.81E+03,23,1.79E+03,23,8.93E+03,21
94,131,225Pu,,,,,,,,-6.10E+03,5,4.70E+03,3,3.70E+03,3,9.40E+03,3
94,127,221Pu,,,,,,,,,,6.00E+03,4,5.00E+03,4,1.05E+04,3
94,129,223Pu,,,,,,,,-6.60E+03,4,5.50E+03,3,4.40E+03,3,1.04E+04,3
94,128,222Pu,,,,,,,,,,3.80E+03,3,2.80E+03,3,1.07E+04,3
94,152,246Pu,0,10.84,d,2,B- = 100.00,,,401,14,,,,,4.35E+03,20
94,151,245Pu,0,10.5,h,1,B- = 100.00,,,1278,14,-2.67E+03,20,-3.69E+03,20,4.56E+03,20
94,153,247Pu,0,2.27,d,23,B- = 100.00,,,2.06E+03,22,,,,,4.30E+03,4
94,150,244Pu,0,8.00E+07,y,9,A = 99.88,,,-73,3,-3.43E+03,10,-4.46E+03,10,4665.6,10
94,150,244Pu,0,8.00E+07,y,9,SF = 0.12,,,-73,3,-3.43E+03,10,-4.46E+03,10,4665.6,10
94,149,243Pu,0,4.956,h,3,B- = 100.00,,,580,3,-2.05E+03,3,-3.07E+03,3,4757,3
94,148,242Pu,0,3.75E+05,y,3 3,A = 100.00,,,-751.1,7,-2.70E+03,20,-3.72E+03,20,4984.2,10
94,148,242Pu,0,3.75E+05,y,3 3,SF = 5.5E-4,,,-751.1,7,-2.70E+03,20,-3.72E+03,20,4984.2,10
94,145,239Pu,0,24110,y,30,A = 100.00,,,-802.1,17,-722.8,9,-1744.8,9,5244.52,21
94,145,239Pu,0,24110,y,30,SF = 3.E-10,,,-802.1,17,-722.8,9,-1744.8,9,5244.52,21
94,144,238Pu,0,87.7,y,1,A = 100.00,,,-2.26E+03,6,-1291.4,5,-2313.4,5,5593.27,19
94,144,238Pu,0,87.7,y,1,SF = 1.9E-7,,,-2.26E+03,6,-1291.4,5,-2313.4,5,5593.27,19
94,147,241Pu,0,14.329,y,29,B- = 100.00,,,20.78,17,-1.36E+03,10,-2.38E+03,10,5140.1,5
94,147,241Pu,0,14.329,y,29,A = 2.5E-3,,,20.78,17,-1.36E+03,10,-2.38E+03,10,5140.1,5
94,147,241Pu,0,14.329,y,29,SF LT 2E-14,,,20.78,17,-1.36E+03,10,-2.38E+03,10,5140.1,5
94,146,240Pu,0,6561,y,7,A = 100.00,,,-1385,14,-2191,17,-3213,17,5255.82,14
94,146,240Pu,0,6561,y,7,SF = 5.7E-6,,,-1385,14,-2191,17,-3213,17,5255.82,14
94,141,235Pu,0,25.3,m,5,EC = 100.00,,,-2.44E+03,6,1139,20,117,20,5951,20
94,141,235Pu,0,25.3,m,5,A = 2.8E-3,,,-2.44E+03,6,1139,20,117,20,5951,20
94,140,234Pu,0,8.8,h,1,EC AP 94.00,,,-4.11E+03,16,395,11,-627,11,6310,5
94,140,234Pu,0,8.8,h,1,A AP 6.00,,,-4.11E+03,16,395,11,-627,11,6310,5
94,143,237Pu,0,45.64,d,4,EC = 100.00,,,-1.48E+03,6,220.1,13,-801.9,13,5747.6,23
94,143,237Pu,0,45.64,d,4,A = 4.2E-3,,,-1.48E+03,6,220.1,13,-801.9,13,5747.6,23
94,143,237Pu,0.146,0.18,s,2,IT  ,,,-1.48E+03,6,220.1,13,-801.9,13,5747.6,23
94,142,236Pu,0,2.858,y,8,A = 100.00,,,-3.14E+03,12,-4.80E+02,5,-1.50E+03,5,5867.15,8
94,142,236Pu,0,2.858,y,8,SF = 1.9E-7,,,-3.14E+03,12,-4.80E+02,5,-1.50E+03,5,5867.15,8
94,138,232Pu,0,33.8,m,7,EC = 90.00,,,-5.10E+03,3,1.00E+03,10,0,AP,6716,10
94,138,232Pu,0,33.8,m,7,A = 10.00,,,-5.10E+03,3,1.00E+03,10,0,AP,6716,10
94,137,231Pu,0,8.6,m,5,EC = 90.00,,,-4.10E+03,3,2.68E+03,6,1.66E+03,6,6839,20
94,137,231Pu,0,8.6,m,5,A = 10.00,,,-4.10E+03,3,2.68E+03,6,1.66E+03,6,6839,20
94,139,233Pu,0,20.9,m,4,EC = 99.88,,,-3.23E+03,13,2.10E+03,7,1.08E+03,7,6.42E+03,5
94,139,233Pu,0,20.9,m,4,A = 0.12,,,-3.23E+03,13,2.10E+03,7,1.08E+03,7,6.42E+03,5
94,134,228Pu,0,1.1,s,15,A = 100.00,,,-6.74E+03,20,2.28E+03,10,1.26E+03,10,7940,18
94,133,227Pu,,,,,,,,-5.41E+03,22,4.19E+03,13,3.17E+03,13,8.30E+03,12
94,136,230Pu,0,102,s,10,A LT 100.00,,,-5.94E+03,14,1.70E+03,6,6.70E+02,6,7178,9
94,135,229Pu,0,67,s,22,EC = 50.00,,,-4.79E+03,12,3.59E+03,12,2.57E+03,12,7.60E+03,6
94,135,229Pu,0,67,s,22,A = 50.00,,,-4.79E+03,12,3.59E+03,12,2.57E+03,12,7.60E+03,6
94,135,229Pu,0,67,s,22,SF LT 7.00,,,-4.79E+03,12,3.59E+03,12,2.57E+03,12,7.60E+03,6
95,135,230Am,0,17,s,AP,EC = 100.00,,,,,5.94E+03,14,4.92E+03,14,7.63E+03,10
95,134,229Am,,,,,,,,,,4.79E+03,12,3.76E+03,12,8.14E+03,5
95,133,228Am,,,,,,,,,,6.74E+03,20,5.72E+03,20,8.39E+03,20
95,132,227Am,,,,,,,,,,5.41E+03,22,4.39E+03,22,9.10E+03,22
95,139,234Am,0,2.32,m,8,EC = 100.00,,,-2.26E+03,16,4.11E+03,16,3.09E+03,16,6.80E+03,15
95,139,234Am,0,2.32,m,8,A  ,,,-2.26E+03,16,4.11E+03,16,3.09E+03,16,6.80E+03,15
95,138,233Am,0,3.2,m,8,A AP 3.00,,,-4.01E+03,14,3.23E+03,13,2.21E+03,13,7.06E+03,5
95,138,233Am,0,3.2,m,8,EC  ,,,-4.01E+03,14,3.23E+03,13,2.21E+03,13,7.06E+03,5
95,137,232Am,0,79,s,2,A AP 3.00,,,-2.90E+03,4,5.10E+03,3,4.00E+03,3,7.20E+03,3
95,137,232Am,0,79,s,2,EC = @ 97.00,,,-2.90E+03,4,5.10E+03,3,4.00E+03,3,7.20E+03,3
95,136,231Am,,,,,A ? ,,,-4.90E+03,4,4.10E+03,3,3.10E+03,3,7.40E+03,3
95,136,231Am,,,,,EC = ?,,,-4.90E+03,4,4.10E+03,3,3.10E+03,3,7.40E+03,3
95,142,237Am,0,73.6,m,8,EC = 99.97,,,-2.68E+03,10,1.48E+03,6,4.60E+02,6,6.20E+03,3
95,142,237Am,0,73.6,m,8,A = 0.03,,,-2.68E+03,10,1.48E+03,6,4.60E+02,6,6.20E+03,3
95,141,236Am,0,3.6,m,2,A  ,,,-1.81E+03,12,3.14E+03,12,2.12E+03,12,6.26E+03,6
95,141,236Am,0,3.6,m,2,EC  ,,,-1.81E+03,12,3.14E+03,12,2.12E+03,12,6.26E+03,6
95,141,236Am,0,2.9,m,2,A  ,,,-1.81E+03,12,3.14E+03,12,2.12E+03,12,6.26E+03,6
95,141,236Am,0,2.9,m,2,EC  ,,,-1.81E+03,12,3.14E+03,12,2.12E+03,12,6.26E+03,6
95,140,235Am,0,10.3,m,6,EC = 99.60,,,-3.39E+03,12,2.44E+03,6,1.42E+03,6,6576,13
95,140,235Am,0,10.3,m,6,A = 0.40,,,-3.39E+03,12,2.44E+03,6,1.42E+03,6,6576,13
95,146,241Am,0,432.6,y,6,A = 100.00,,,-767.4,12,-20.78,17,-1042.78,17,5637.82,12
95,146,241Am,0,432.6,y,6,SF = 4E-10,,,-767.4,12,-20.78,17,-1042.78,17,5637.82,12
95,145,240Am,0,50.8,h,3,EC = 100.00,,,-214,14,1385,14,363,14,5.71E+03,5
95,145,240Am,0,50.8,h,3,A = 1.9E-4,,,-214,14,1385,14,363,14,5.71E+03,5
95,145,240Am,3,0.94,ms,4,SF = &100.00,,,-214,14,1385,14,363,14,5.71E+03,5
95,144,239Am,0,11.9,h,1,EC = 99.99,,,-1.76E+03,15,802.1,17,-219.9,17,5922.4,14
95,144,239Am,0,11.9,h,1,A = 0.01,,,-1.76E+03,15,802.1,17,-219.9,17,5922.4,14
95,143,238Am,0,98,m,2,EC = 100.00,,,-1.02E+03,6,2.26E+03,6,1.24E+03,6,6.04E+03,6
95,143,238Am,0,98,m,2,A = 1.0E-4,,,-1.02E+03,6,2.26E+03,6,1.24E+03,6,6.04E+03,6
95,149,244Am,0,10.1,h,1,B- = 100.00,,,1427.3,10,73,3,-949,3,5138,17
95,149,244Am,0,0.9,ms,15,SF = &100.00,,,1427.3,10,73,3,-949,3,5138,17
95,149,244Am,0.0861,26,m,1,B- = 99.96,,,1427.3,10,73,3,-949,3,5138,17
95,149,244Am,0.0861,26,m,1,EC = 0.04,,,1427.3,10,73,3,-949,3,5138,17
95,148,243Am,0,7364,y,22,A = 100.00,,,-6.9,16,-580,3,-1602,3,5439.1,9
95,148,243Am,0,7364,y,22,SF = 3.7E-9,,,-6.9,16,-580,3,-1602,3,5439.1,9
95,147,242Am,0,16.02,h,2,B- = 82.70,,,664.3,4,751.1,7,-270.9,7,5588.5,3
95,147,242Am,0,16.02,h,2,EC = 17.30,,,664.3,4,751.1,7,-270.9,7,5588.5,3
95,147,242Am,0.0486,141,y,2,IT = 99.55,,,664.3,4,751.1,7,-270.9,7,5588.5,3
95,147,242Am,0.0486,141,y,2,A = 0.45,,,664.3,4,751.1,7,-270.9,7,5588.5,3
95,147,242Am,0.0486,141,y,2,SF = <4.7E-9,,,664.3,4,751.1,7,-270.9,7,5588.5,3
95,147,242Am,2.2,14,ms,10,A LT 5.0E-3,,,664.3,4,751.1,7,-270.9,7,5588.5,3
95,147,242Am,2.2,14,ms,10,SF = @100.00,,,664.3,4,751.1,7,-270.9,7,5588.5,3
95,147,242Am,2.2,14,ms,10,IT = >  0.00,,,664.3,4,751.1,7,-270.9,7,5588.5,3
95,153,248Am,0,10,m,AP,B- = 100.00,,,3.17E+03,20,,,,,4.90E+03,22
95,152,247Am,0,23,m,13,B- = 100.00,,,1.62E+03,10,-2.06E+03,22,-3.08E+03,22,4.92E+03,11
95,151,246Am,0,39,m,3,B- = 100.00,,,2377,18,-401,14,-1423,14,5.15E+03,20
95,151,246Am,0,25,m,2,B- = 100.00,,,2377,18,-401,14,-1423,14,5.15E+03,20
95,151,246Am,0,25,m,2,IT = <  0.02,,,2377,18,-401,14,-1423,14,5.15E+03,20
95,150,245Am,0,2.05,h,1,B- = 100.00,,,895.9,15,-1278,14,-2300,14,5.16E+03,10
95,128,223Am,,,,,,,,,,6.60E+03,4,5.60E+03,4,1.08E+04,3
95,129,224Am,,,,,,,,,,8.00E+03,5,7.00E+03,5,1.04E+04,4
95,131,226Am,,,,,,,,,,7.30E+03,4,6.30E+03,4,9.30E+03,3
95,130,225Am,,,,,,,,,,6.10E+03,5,5.10E+03,5,1.01E+04,4
95,154,249Am,,,,,B- = ?,,,2.40E+03,3,,,,,4.80E+03,4
96,141,237Cm,0,,,,EC = 100.00,,,-3.96E+03,24,2.68E+03,10,1.66E+03,10,6.77E+03,5
96,141,237Cm,0,,,,A LT 1.00,,,-3.96E+03,24,2.68E+03,10,1.66E+03,10,6.77E+03,5
96,140,236Cm,0,,,,EC  ,,,-5.70E+03,4,1.81E+03,12,7.90E+02,12,7067,5
96,140,236Cm,0,,,,A  ,,,-5.70E+03,4,1.81E+03,12,7.90E+02,12,7067,5
96,136,232Cm,,,,,,,,,,2.90E+03,4,1.90E+03,4,7.80E+03,20
96,135,231Cm,,,,,,,,,,4.90E+03,4,3.80E+03,4,8.10E+03,3
96,138,234Cm,0,51,s,12,A AP 40.00,,,-6.67E+03,15,2.26E+03,16,1.24E+03,16,7365,9
96,138,234Cm,0,51,s,12,SF = @40.00,,,-6.67E+03,15,2.26E+03,16,1.24E+03,16,7365,9
96,138,234Cm,0,51,s,12,EC = @20.00,,,-6.67E+03,15,2.26E+03,16,1.24E+03,16,7365,9
96,137,233Cm,0,23,s,7,EC = 80.00,,,-5.48E+03,25,4.01E+03,14,2.99E+03,14,7.47E+03,5
96,137,233Cm,0,23,s,7,A = 20.00,,,-5.48E+03,25,4.01E+03,14,2.99E+03,14,7.47E+03,5
96,139,235Cm,0,,,,A ? ,,,-4.80E+03,4,3.39E+03,12,2.37E+03,12,7.28E+03,10
96,139,235Cm,0,,,,EC ? ,,,-4.80E+03,4,3.39E+03,12,2.37E+03,12,7.28E+03,10
96,150,246Cm,0,4706,y,40,A = 99.97,,,-1.35E+03,6,-2377,18,-3399,18,5475.1,9
96,150,246Cm,0,4706,y,40,SF = 0.03,,,-1.35E+03,6,-2377,18,-3399,18,5475.1,9
96,152,248Cm,0,3.48E+05,y,6,A = 91.61,,,-7.40E+02,5,-3.17E+03,20,-4.19E+03,20,5161.8,3
96,152,248Cm,0,3.48E+05,y,6,SF = 8.39,,,-7.40E+02,5,-3.17E+03,20,-4.19E+03,20,5161.8,3
96,151,247Cm,0,1.56E+07,y,5,A = 100.00,,,44,6,-1.62E+03,10,-2.64E+03,10,5354,3
96,143,239Cm,0,2.7,h,8,EC = 100.00,,,-3.10E+03,3,1.76E+03,15,7.30E+02,15,6.54E+03,15
96,143,239Cm,0,2.7,h,8,A LT 1.E-3,,,-3.10E+03,3,1.76E+03,15,7.30E+02,15,6.54E+03,15
96,142,238Cm,0,2.2,h,4,EC = 96.16,,,-4.80E+03,3,1.02E+03,6,0,AP,6670,10
96,142,238Cm,0,2.2,h,4,A = 3.84,,,-4.80E+03,3,1.02E+03,6,0,AP,6670,10
96,142,238Cm,0,2.2,h,4,SF = 0.05,,,-4.80E+03,3,1.02E+03,6,0,AP,6670,10
96,145,241Cm,0,32.8,d,2,EC = 99.00,,,-2.28E+03,17,767.4,12,-254.6,12,6185.2,6
96,145,241Cm,0,32.8,d,2,A = 1.00,,,-2.28E+03,17,767.4,12,-254.6,12,6185.2,6
96,144,240Cm,0,27,d,1,A AP 99.50,,,-3.94E+03,15,214,14,-808,14,6397.8,6
96,144,240Cm,0,27,d,1,SF = 3.9E-6,,,-3.94E+03,15,214,14,-808,14,6397.8,6
96,144,240Cm,0,27,d,1,EC = <  0.50,,,-3.94E+03,15,214,14,-808,14,6397.8,6
96,147,243Cm,0,29.1,y,1,A = 99.71,,,-1508,5,6.9,16,-1015.1,16,6168.8,10
96,147,243Cm,0,29.1,y,1,EC = 0.29,,,-1508,5,6.9,16,-1015.1,16,6168.8,10
96,147,243Cm,0,29.1,y,1,SF = 5.3E-9,,,-1508,5,6.9,16,-1015.1,16,6168.8,10
96,146,242Cm,0,162.8,d,2,A = 100.00,,,-2.95E+03,14,-664.3,4,-1686.3,4,6215.63,8
96,146,242Cm,0,162.8,d,2,SF = 6.2E-6,,,-2.95E+03,14,-664.3,4,-1686.3,4,6215.63,8
96,146,242Cm,0,162.8,d,2,34Si = 1.E-14,,,-2.95E+03,14,-664.3,4,-1686.3,4,6215.63,8
96,149,245Cm,0,8423,y,74,A = 100.00,,,-809.3,15,-895.9,15,-1917.9,15,5624.5,5
96,149,245Cm,0,8423,y,74,SF = 6.1E-7,,,-809.3,15,-895.9,15,-1917.9,15,5624.5,5
96,148,244Cm,0,18.1,y,1,A = 100.00,,,-2262,14,-1427.3,10,-2449.3,10,5901.6,3
96,148,244Cm,0,18.1,y,1,SF = 1.4E-4,,,-2262,14,-1427.3,10,-2449.3,10,5901.6,3
96,148,244Cm,1.0402,34,ms,2,IT = 100.00,,,-2262,14,-1427.3,10,-2449.3,10,5901.6,3
96,154,250Cm,0,8.30E+03,y,AP,SF AP 74.00,,,38,11,,,,,5170,18
96,154,250Cm,0,8.30E+03,y,AP,A AP 18.00,,,38,11,,,,,5170,18
96,154,250Cm,0,8.30E+03,y,AP,B- AP 8.00,,,38,11,,,,,5170,18
96,153,249Cm,0,64.15,m,3,B- = 100.00,,,904,3,-2.40E+03,3,-3.40E+03,3,5148,13
96,156,252Cm,0,2,d,LT,,,,5.00E+02,4,,,,,,
96,155,251Cm,0,16.8,m,2,B- = 100.00,,,1420,20,,,,,5.01E+03,20
97,141,238Bk,0,144,s,5,EC = 100.00,,,-3.10E+03,4,4.80E+03,3,3.70E+03,3,7.33E+03,20
97,141,238Bk,0,144,s,5,EF = 0.05,,,-3.10E+03,4,4.80E+03,3,3.70E+03,3,7.33E+03,20
97,142,239Bk,,,,,EC AP 99.00,,,-3.95E+03,24,3.10E+03,3,2.10E+03,3,7.20E+03,20
97,142,239Bk,,,,,A LT 1.00,,,-3.95E+03,24,3.10E+03,3,2.10E+03,3,7.20E+03,20
97,142,239Bk,,,,,SF LT 1.00,,,-3.95E+03,24,3.10E+03,3,2.10E+03,3,7.20E+03,20
97,143,240Bk,0,4.8,m,8,EF = 2.0E-3,,,-2.32E+03,15,3.94E+03,15,2.92E+03,15,7.20E+03,19
97,143,240Bk,0,4.8,m,8,EC  ,,,-2.32E+03,15,3.94E+03,15,2.92E+03,15,7.20E+03,19
97,144,241Bk,0,4.6,m,4,EC ? ,,,-3.35E+03,24,2.28E+03,17,1.26E+03,17,6.99E+03,18
97,144,241Bk,0,4.6,m,4,A  ,,,-3.35E+03,24,2.28E+03,17,1.26E+03,17,6.99E+03,18
97,145,242Bk,0,7,m,13,EC LE 100.00,,,-1.63E+03,14,2.95E+03,14,1.93E+03,14,6.91E+03,15
97,146,243Bk,0,4.5,h,2,EC AP 99.85,,,-2.30E+03,18,1508,5,486,5,6874,4
97,146,243Bk,0,4.5,h,2,A AP 0.15,,,-2.30E+03,18,1508,5,486,5,6874,4
97,147,244Bk,0,4.35,h,15,EC = 99.99,,,-764,15,2262,14,1240,14,6779,4
97,147,244Bk,0,4.35,h,15,A = 6.0E-3,,,-764,15,2262,14,1240,14,6779,4
97,148,245Bk,0,4.95,d,3,EC = 99.88,,,-1571,3,809.3,15,-212.7,15,6454.5,14
97,148,245Bk,0,4.95,d,3,A = 0.12,,,-1571,3,809.3,15,-212.7,15,6454.5,14
97,149,246Bk,0,1.8,d,2,EC = 100.00,,,-1.20E+02,6,1.35E+03,6,3.30E+02,6,6.07E+03,6
97,150,247Bk,0,1380,y,250,A LT 100.00,,,-620,15,-44,6,-1066,6,5890,5
97,151,248Bk,0,9,y,GT,A  ,,,8.90E+02,5,7.40E+02,5,-2.80E+02,5,5.83E+03,5
97,151,248Bk,0,23.7,h,2,B- = 70.00,,,8.90E+02,5,7.40E+02,5,-2.80E+02,5,5.83E+03,5
97,151,248Bk,0,23.7,h,2,EC = 30.00,,,8.90E+02,5,7.40E+02,5,-2.80E+02,5,5.83E+03,5
97,136,233Bk,,,,,,,,,,5.48E+03,25,4.46E+03,25,8.17E+03,21
97,137,234Bk,0,1.40E+02,s,9,A AP 80.00,,,,,6.67E+03,15,5.65E+03,15,8.10E+03,5
97,137,234Bk,0,1.40E+02,s,9,EC LE 20.00,,,,,6.67E+03,15,5.65E+03,15,8.10E+03,5
97,138,235Bk,,,,,EC = ?,,,,,4.80E+03,4,3.70E+03,4,7.90E+03,5
97,138,235Bk,,,,,A ? ,,,,,4.80E+03,4,3.70E+03,4,7.90E+03,5
97,139,236Bk,,,,,,,,,,5.70E+03,4,4.70E+03,4,7.70E+03,20
97,140,237Bk,0,1,m,AP,EC ? ,,,-4.73E+03,25,3.96E+03,24,2.94E+03,24,7.50E+03,20
97,140,237Bk,0,1,m,AP,A ? ,,,-4.73E+03,25,3.96E+03,24,2.94E+03,24,7.50E+03,20
97,152,249Bk,0,330,d,4,B- = 100.00,,,123.6,4,-904,3,-1926,3,5521,14
97,152,249Bk,0,330,d,4,A = 1.4E-3,,,123.6,4,-904,3,-1926,3,5521,14
97,152,249Bk,0,330,d,4,SF = 4.7E-8,,,123.6,4,-904,3,-1926,3,5521,14
97,153,250Bk,0,3.212,h,5,B- = 100.00,,,1781.7,25,-38,11,-1060,11,5533,18
97,154,251Bk,0,55.6,m,11,B- = 100.00,,,1093,10,-1420,20,-2442,20,5.65E+03,10
97,155,252Bk,0,,,,,,,2.50E+03,20,-5.00E+02,4,-1.50E+03,4,5.50E+03,3
97,156,253Bk,0,10,m,GT,B- ? ,,,1.60E+03,4,,,,,5.40E+03,20
97,157,254Bk,,,,,,,,3.10E+03,3,,,,,,
98,148,246Cf,0,35.7,h,5,A = 100.00,,,-3.73E+03,9,1.20E+02,6,-9.00E+02,6,6861.6,10
98,148,246Cf,0,35.7,h,5,EC LT 4.0E-3,,,-3.73E+03,9,1.20E+02,6,-9.00E+02,6,6861.6,10
98,148,246Cf,0,35.7,h,5,SF = 2.4E-4,,,-3.73E+03,9,1.20E+02,6,-9.00E+02,6,6861.6,10
98,148,246Cf,2.5,45,ns,10,SF LE 100.00,,,-3.73E+03,9,1.20E+02,6,-9.00E+02,6,6861.6,10
98,149,247Cf,0,3.11,h,3,EC = 99.97,,,-2469,24,620,15,-402,15,6503,14
98,149,247Cf,0,3.11,h,3,A = 0.04,,,-2469,24,620,15,-402,15,6503,14
98,146,244Cf,0,19.4,m,6,A LE 100.00,,,-4.55E+03,18,764,15,-258,15,7329,18
98,147,245Cf,0,45,m,15,EC = 64.70,,,-2.93E+03,17,1571,3,549,3,7258.5,18
98,147,245Cf,0,45,m,15,A = 35.30,,,-2.93E+03,17,1571,3,549,3,7258.5,18
98,144,242Cf,0,3.49,m,12,A = 80.00,,,-5.40E+03,3,1.64E+03,14,6.10E+02,14,7517,4
98,144,242Cf,0,3.49,m,12,EC = 20.00,,,-5.40E+03,3,1.64E+03,14,6.10E+02,14,7517,4
98,144,242Cf,0,3.49,m,12,SF LE 0.01,,,-5.40E+03,3,1.64E+03,14,6.10E+02,14,7517,4
98,145,243Cf,0,10.7,m,5,EC AP 86.00,,,-3.80E+03,3,2.30E+03,18,1.28E+03,18,7.42E+03,10
98,145,243Cf,0,10.7,m,5,A AP 14.00,,,-3.80E+03,3,2.30E+03,18,1.28E+03,18,7.42E+03,10
98,142,240Cf,0,64,s,9,A = 98.50,,,-6.20E+03,4,2.32E+03,15,1.30E+03,15,7711,4
98,142,240Cf,0,64,s,9,SF = 1.50,,,-6.20E+03,4,2.32E+03,15,1.30E+03,15,7711,4
98,143,241Cf,0,3.78,m,70,EC AP 75.00,,,-4.60E+03,3,3.35E+03,24,2.32E+03,24,7.66E+03,15
98,143,241Cf,0,3.78,m,70,A AP 25.00,,,-4.60E+03,3,3.35E+03,24,2.32E+03,24,7.66E+03,15
98,140,238Cf,0,21.1,ms,13,SF AP 95.00,,,,,3.10E+03,4,2.00E+03,4,8.10E+03,3
98,140,238Cf,0,21.1,ms,13,A LT 5.00,,,,,3.10E+03,4,2.00E+03,4,8.10E+03,3
98,141,239Cf,0,39,s,25,EC ? ,,,-5.40E+03,3,3.95E+03,24,2.93E+03,24,7.76E+03,6
98,141,239Cf,0,39,s,25,A ? ,,,-5.40E+03,3,3.95E+03,24,2.93E+03,24,7.76E+03,6
98,150,248Cf,0,333.5,d,28,A = 100.00,,,-3.06E+03,5,-8.90E+02,5,-1.92E+03,5,6361,5
98,150,248Cf,0,333.5,d,28,SF = 2.9E-3,,,-3.06E+03,5,-8.90E+02,5,-1.92E+03,5,6361,5
98,139,237Cf,0,0.8,s,2,SF = 70.00,,,,,4.73E+03,25,3.71E+03,25,8.22E+03,5
98,139,237Cf,0,0.8,s,2,A = 30.00,,,,,4.73E+03,25,3.71E+03,25,8.22E+03,5
98,157,255Cf,0,85,m,18,B- = 100.00,,,7.20E+02,20,,,,,5.74E+03,20
98,158,256Cf,0,12.3,m,12,SF = 100.00,,,0,AP,,,,,5.56E+03,10
98,158,256Cf,0,12.3,m,12,B- LT 1.00,,,0,AP,,,,,5.56E+03,10
98,158,256Cf,0,12.3,m,12,A AP 1.0E-6,,,0,AP,,,,,5.56E+03,10
98,155,253Cf,0,17.81,d,8,B- = 99.69,,,291,4,-1.60E+03,4,-2.60E+03,4,6126,4
98,155,253Cf,0,17.81,d,8,A = 0.31,,,291,4,-1.60E+03,4,-2.60E+03,4,6126,4
98,156,254Cf,0,60.5,d,2,SF = 99.69,,,-653,12,-3.10E+03,3,-4.10E+03,3,5927,5
98,156,254Cf,0,60.5,d,2,A = 0.31,,,-653,12,-3.10E+03,3,-4.10E+03,3,5927,5
98,153,251Cf,0,898,y,44,A = 100.00,,,-377,6,-1093,10,-2115,10,6177,9
98,153,251Cf,0,898,y,44,SF ? ,,,-377,6,-1093,10,-2115,10,6177,9
98,154,252Cf,0,2.645,y,8,A = 96.91,,,-1.26E+03,5,-2.50E+03,20,-3.52E+03,20,6216.95,4
98,154,252Cf,0,2.645,y,8,SF = 3.09,,,-1.26E+03,5,-2.50E+03,20,-3.52E+03,20,6216.95,4
98,151,249Cf,0,351,y,2,A = 100.00,,,-1.45E+03,3,-123.6,4,-1145.6,4,6293.3,5
98,151,249Cf,0,351,y,2,SF = 5.0E-7,,,-1.45E+03,3,-123.6,4,-1145.6,4,6293.3,5
98,152,250Cf,0,13.08,y,9,A = 99.92,,,-2.05E+03,10,-1781.7,25,-2803.7,25,6128.51,19
98,152,250Cf,0,13.08,y,9,SF = 0.08,,,-2.05E+03,10,-1781.7,25,-2803.7,25,6128.51,19
99,147,246Es,0,7.5,m,5,EC = 90.10,,,-2.37E+03,9,3.73E+03,9,2.71E+03,9,7.64E+03,10
99,147,246Es,0,7.5,m,5,A = 9.90,,,-2.37E+03,9,3.73E+03,9,2.71E+03,9,7.64E+03,10
99,148,247Es,0,4.55,m,26,EC AP 93.00,,,-3.09E+03,18,2469,24,1447,24,7464,20
99,148,247Es,0,4.55,m,26,A AP 7.00,,,-3.09E+03,18,2469,24,1447,24,7464,20
99,149,248Es,0,24,m,3,EC = 99.70,,,-1.60E+03,5,3.06E+03,5,2.04E+03,5,7.16E+03,5
99,149,248Es,0,24,m,3,A AP 0.25,,,-1.60E+03,5,3.06E+03,5,2.04E+03,5,7.16E+03,5
99,143,242Es,0,17.8,s,16,A = 57.00,,,-3.60E+03,5,5.40E+03,3,4.40E+03,3,8160,20
99,143,242Es,0,17.8,s,16,EC = 43.00,,,-3.60E+03,5,5.40E+03,3,4.40E+03,3,8160,20
99,144,243Es,0,21,s,2,A = 61.00,,,-4.57E+03,25,3.80E+03,3,2.70E+03,3,8072,10
99,144,243Es,0,21,s,2,EC = 39.00,,,-4.57E+03,25,3.80E+03,3,2.70E+03,3,8072,10
99,144,243Es,0,21,s,2,SF LT 1.00,,,-4.57E+03,25,3.80E+03,3,2.70E+03,3,8072,10
99,145,244Es,0,37,s,4,EC = 96.00,,,-2.90E+03,3,4.55E+03,18,3.53E+03,18,7.94E+03,10
99,145,244Es,0,37,s,4,A = 4.00,,,-2.90E+03,3,4.55E+03,18,3.53E+03,18,7.94E+03,10
99,146,245Es,0,1.1,m,1,EC = 60.00,,,-3.90E+03,3,2.93E+03,17,1.91E+03,17,7909,3
99,146,245Es,0,1.1,m,1,A = 40.00,,,-3.90E+03,3,2.93E+03,17,1.91E+03,17,7909,3
99,140,239Es,,,,,,,,,,5.40E+03,3,4.40E+03,3,8.40E+03,5
99,141,240Es,,,,,EC  ,,,,,6.20E+03,4,5.20E+03,4,8.26E+03,6
99,141,240Es,,,,,A  ,,,,,6.20E+03,4,5.20E+03,4,8.26E+03,6
99,142,241Es,0,8,s,1,EC ? ,,,-5.30E+03,4,4.60E+03,3,3.50E+03,3,8259,17
99,142,241Es,0,8,s,1,A ? ,,,-5.30E+03,4,4.60E+03,3,3.50E+03,3,8259,17
99,158,257Es,0,7.7,d,2,SF ? ,,,8.00E+02,4,,,,,6.05E+03,20
99,158,257Es,0,7.7,d,2,B- ? ,,,8.00E+02,4,,,,,6.05E+03,20
99,159,258Es,,,,,A ? ,,,2.30E+03,4,,,,,5.90E+03,5
99,159,258Es,,,,,EC ? ,,,2.30E+03,4,,,,,5.90E+03,5
99,154,253Es,0,20.47,d,3,A = 100.00,,,-335.1,11,-291,4,-1313,4,6739.24,5
99,154,253Es,0,20.47,d,3,SF = 8.7E-6,,,-335.1,11,-291,4,-1313,4,6739.24,5
99,155,254Es,0,275.7,d,5,A = 100.00,,,1091.6,23,653,12,-369,12,6617.2,5
99,155,254Es,0,275.7,d,5,B- = 1.7E-4,,,1091.6,23,653,12,-369,12,6617.2,5
99,155,254Es,0,275.7,d,5,SF LT 3.0E-6,,,1091.6,23,653,12,-369,12,6617.2,5
99,155,254Es,0.0842,39.3,h,2,B- = 98.00,,,1091.6,23,653,12,-369,12,6617.2,5
99,155,254Es,0.0842,39.3,h,2,IT LT 3.00,,,1091.6,23,653,12,-369,12,6617.2,5
99,155,254Es,0.0842,39.3,h,2,A = 0.32,,,1091.6,23,653,12,-369,12,6617.2,5
99,155,254Es,0.0842,39.3,h,2,EC = 0.08,,,1091.6,23,653,12,-369,12,6617.2,5
99,155,254Es,0.0842,39.3,h,2,SF LT 0.05,,,1091.6,23,653,12,-369,12,6617.2,5
99,156,255Es,0,39.8,d,12,B- = 92.00,,,289,10,-7.20E+02,20,-1.74E+03,20,6436.3,13
99,156,255Es,0,39.8,d,12,A = 8.00,,,289,10,-7.20E+02,20,-1.74E+03,20,6436.3,13
99,156,255Es,0,39.8,d,12,SF = 4.1E-3,,,289,10,-7.20E+02,20,-1.74E+03,20,6436.3,13
99,157,256Es,0,25.4,m,24,B- = 100.00,,,1.70E+03,10,0,AP,-9.00E+02,3,6.23E+03,22
99,157,256Es,0,7.6,h,,B- = 100.00,,,1.70E+03,10,0,AP,-9.00E+02,3,6.23E+03,22
99,150,249Es,0,102.2,m,6,EC = 99.43,,,-2.34E+03,3,1.45E+03,3,4.30E+02,3,6.94E+03,3
99,150,249Es,0,102.2,m,6,A = 0.57,,,-2.34E+03,3,1.45E+03,3,4.30E+02,3,6.94E+03,3
99,151,250Es,0,8.6,h,1,EC AP 97.00,,,-8.50E+02,10,2.06E+03,10,1.03E+03,10,6.83E+03,12
99,151,250Es,0,8.6,h,1,A LT 3.00,,,-8.50E+02,10,2.06E+03,10,1.03E+03,10,6.83E+03,12
99,151,250Es,0,2.22,h,5,EC LE 100.00,,,-8.50E+02,10,2.06E+03,10,1.03E+03,10,6.83E+03,12
99,152,251Es,0,33,h,1,EC = 99.50,,,-1447,15,377,6,-645,6,6597.1,10
99,152,251Es,0,33,h,1,A = 0.50,,,-1447,15,377,6,-645,6,6597.1,10
99,153,252Es,0,471.7,d,19,A = 78.00,,,4.80E+02,5,1.26E+03,5,2.40E+02,5,6738.6,5
99,153,252Es,0,471.7,d,19,EC = 22.00,,,4.80E+02,5,1.26E+03,5,2.40E+02,5,6738.6,5
100,141,241Fm,0,0.73,ms,6,SF AP 78.00,,,,,5.30E+03,4,4.30E+03,4,8.90E+03,3
100,141,241Fm,0,0.73,ms,6,A LT 14.00,,,,,5.30E+03,4,4.30E+03,4,8.90E+03,3
100,141,241Fm,0,0.73,ms,6,EC LT 12.00,,,,,5.30E+03,4,4.30E+03,4,8.90E+03,3
100,145,245Fm,0,4.2,s,13,A LE 100.00,,,-5.10E+03,3,3.90E+03,3,2.90E+03,3,8.44E+03,10
100,144,244Fm,0,3.12,ms,8,SF AP 97.00,,,-6.60E+03,4,2.90E+03,3,1.90E+03,3,8.55E+03,20
100,144,244Fm,0,3.12,ms,8,EC LT 2.00,,,-6.60E+03,4,2.90E+03,3,1.90E+03,3,8.55E+03,20
100,144,244Fm,0,3.12,ms,8,A LT 1.00,,,-6.60E+03,4,2.90E+03,3,1.90E+03,3,8.55E+03,20
100,143,243Fm,0,0.231,s,9,A = 91.00,,,,,4.57E+03,25,3.55E+03,25,8.69E+03,5
100,143,243Fm,0,0.231,s,9,EC LT 10.00,,,,,4.57E+03,25,3.55E+03,25,8.69E+03,5
100,143,243Fm,0,0.231,s,9,SF = 9.00,,,,,4.57E+03,25,3.55E+03,25,8.69E+03,5
100,142,242Fm,0,4,us,LT,SF LE 100.00,,,,,3.60E+03,5,2.60E+03,5,8.70E+03,5
100,149,249Fm,0,2.6,m,7,EC = 67.00,,,-3.66E+03,16,2.34E+03,3,1.32E+03,3,7709,6
100,149,249Fm,0,2.6,m,7,A = 33.00,,,-3.66E+03,16,2.34E+03,3,1.32E+03,3,7709,6
100,148,248Fm,0,34.5,s,2,A = 95.00,,,-5.05E+03,18,1.60E+03,5,5.80E+02,5,7995,8
100,148,248Fm,0,34.5,s,2,EC = 5.00,,,-5.05E+03,18,1.60E+03,5,5.80E+02,5,7995,8
100,148,248Fm,0,34.5,s,2,SF = 0.10,,,-5.05E+03,18,1.60E+03,5,5.80E+02,5,7995,8
100,147,247Fm,0,31,s,1,A = 64.00,,,-4.30E+03,3,3.09E+03,18,2.07E+03,18,8258,10
100,147,247Fm,0,31,s,1,EC = 36.00,,,-4.30E+03,3,3.09E+03,18,2.07E+03,18,8258,10
100,147,247Fm,0.045,5.1,s,2,A = 88.00,,,-4.30E+03,3,3.09E+03,18,2.07E+03,18,8258,10
100,147,247Fm,0.045,5.1,s,2,IT = 12.00,,,-4.30E+03,3,3.09E+03,18,2.07E+03,18,8258,10
100,146,246Fm,0,1.54,s,4,A = 93.20,,,-5.90E+03,3,2.37E+03,9,1.35E+03,9,8379,5
100,146,246Fm,0,1.54,s,4,SF = 6.80,,,-5.90E+03,3,2.37E+03,9,1.35E+03,9,8379,5
100,146,246Fm,0,1.54,s,4,EC LE 1.30,,,-5.90E+03,3,2.37E+03,9,1.35E+03,9,8379,5
100,160,260Fm,0,4,ms,AP,SF = 100.00,,,-8.00E+02,5,,,,,6.30E+03,3
100,152,252Fm,0,25.39,h,4,A = 100.00,,,-3.65E+03,9,-4.80E+02,5,-1.50E+03,5,7153.7,10
100,152,252Fm,0,25.39,h,4,SF = 2.3E-3,,,-3.65E+03,9,-4.80E+02,5,-1.50E+03,5,7153.7,10
100,151,251Fm,0,5.3,h,8,EC = 98.20,,,-3008,24,1447,15,425,15,7424.5,10
100,151,251Fm,0,5.3,h,8,A = 1.80,,,-3008,24,1447,15,425,15,7424.5,10
100,150,250Fm,0,30,m,3,A AP 90.00,,,-4.33E+03,9,8.50E+02,10,-1.70E+02,10,7557,8
100,150,250Fm,0,30,m,3,EC LT 10.00,,,-4.33E+03,9,8.50E+02,10,-1.70E+02,10,7557,8
100,150,250Fm,0,30,m,3,SF = 6.9E-3,,,-4.33E+03,9,8.50E+02,10,-1.70E+02,10,7557,8
100,150,250Fm,0,1.93,s,15,IT = 100.00,,,-4.33E+03,9,8.50E+02,10,-1.70E+02,10,7557,8
100,156,256Fm,0,157.6,m,13,SF = 91.90,,,-1.97E+03,12,-1.70E+03,10,-2.72E+03,10,7025.3,19
100,156,256Fm,0,157.6,m,13,A = 8.10,,,-1.97E+03,12,-1.70E+03,10,-2.72E+03,10,7025.3,19
100,155,255Fm,0,20.07,h,7,A = 100.00,,,-1042,7,-289,10,-1311,10,7240.6,5
100,155,255Fm,0,20.07,h,7,SF = 2.4E-5,,,-1042,7,-289,10,-1311,10,7240.6,5
100,154,254Fm,0,3.24,h,2,A = 99.94,,,-2.55E+03,10,-1091.6,23,-2113.6,23,7307.3,10
100,154,254Fm,0,3.24,h,2,SF = 0.06,,,-2.55E+03,10,-1091.6,23,-2113.6,23,7307.3,10
100,153,253Fm,0,3,d,12,EC = 88.00,,,-1.83E+03,3,335.1,11,-686.9,11,7197.9,10
100,153,253Fm,0,3,d,12,A = 12.00,,,-1.83E+03,3,335.1,11,-686.9,11,7197.9,10
100,159,259Fm,0,1.5,s,3,SF = 100.00,,,0,AP,,,,,6.47E+03,20
100,158,258Fm,0,370,us,43,SF LE 100.00,,,-1.26E+03,20,-2.30E+03,4,-3.30E+03,4,6.66E+03,20
100,157,257Fm,0,100.5,d,2,A = 99.79,,,-402,5,-8.00E+02,4,-1.80E+03,4,6863.7,9
100,157,257Fm,0,100.5,d,2,SF = 0.21,,,-402,5,-8.00E+02,4,-1.80E+03,4,6863.7,9
101,151,252Md,0,2.3,m,8,EC LE 100.00,,,-2.40E+03,9,3.65E+03,9,2.63E+03,9,7.74E+03,11
101,150,251Md,0,4.27,m,26,EC AP 90.00,,,-3.88E+03,18,3008,24,1986,24,7963,4
101,150,251Md,0,4.27,m,26,A LT 10.00,,,-3.88E+03,18,3008,24,1986,24,7963,4
101,153,254Md,0,28,m,8,EC LE 100.00,,,-1.27E+03,10,2.55E+03,10,1.53E+03,10,7.80E+03,14
101,153,254Md,0,28,m,8,EC LE 100.00,,,-1.27E+03,10,2.55E+03,10,1.53E+03,10,7.80E+03,14
101,152,253Md,0,6,m,9,EC AP 99.30,,,-3.19E+03,3,1.83E+03,3,8.10E+02,3,7573,8
101,152,253Md,0,6,m,9,A AP 0.70,,,-3.19E+03,3,1.83E+03,3,8.10E+02,3,7573,8
101,155,256Md,0,77,m,2,EC = 90.80,,,-3.70E+02,12,1.97E+03,12,9.50E+02,12,7.74E+03,11
101,155,256Md,0,77,m,2,A = 9.20,,,-3.70E+02,12,1.97E+03,12,9.50E+02,12,7.74E+03,11
101,155,256Md,0,77,m,2,SF LT 3.00,,,-3.70E+02,12,1.97E+03,12,9.50E+02,12,7.74E+03,11
101,154,255Md,0,27,m,2,EC = 93.00,,,-1970,15,1042,7,20,7,7905.6,17
101,154,255Md,0,27,m,2,A = 7.00,,,-1970,15,1042,7,20,7,7905.6,17
101,157,258Md,0,51.5,d,3,A = 100.00,,,2.10E+02,10,1.26E+03,20,2.40E+02,20,7271.3,19
101,157,258Md,0,51.5,d,3,SF  ,,,2.10E+02,10,1.26E+03,20,2.40E+02,20,7271.3,19
101,157,258Md,0,57,m,9,EC AP 70.00,,,2.10E+02,10,1.26E+03,20,2.40E+02,20,7271.3,19
101,157,258Md,0,57,m,9,SF  ,,,2.10E+02,10,1.26E+03,20,2.40E+02,20,7271.3,19
101,156,257Md,0,5.52,h,5,EC = 85.00,,,-1255,6,402,5,-620,5,7557.1,9
101,156,257Md,0,5.52,h,5,A = 15.00,,,-1255,6,402,5,-620,5,7557.1,9
101,156,257Md,0,5.52,h,5,SF LT 1.00,,,-1255,6,402,5,-620,5,7557.1,9
101,159,260Md,0,31.8,d,5,SF AP 42.00,,,9.00E+02,4,8.00E+02,5,0,AP,6.90E+03,3
101,159,260Md,0,31.8,d,5,A LE 25.00,,,9.00E+02,4,8.00E+02,5,0,AP,6.90E+03,3
101,159,260Md,0,31.8,d,5,EC LE 23.00,,,9.00E+02,4,8.00E+02,5,0,AP,6.90E+03,3
101,159,260Md,0,31.8,d,5,B- LE 10.00,,,9.00E+02,4,8.00E+02,5,0,AP,6.90E+03,3
101,158,259Md,0,1.6,h,6,SF = 100.00,,,-5.10E+02,10,0,AP,-1.20E+03,3,7.05E+03,10
101,158,259Md,0,1.6,h,6,A LT 1.30,,,-5.10E+02,10,0,AP,-1.20E+03,3,7.05E+03,10
101,160,261Md,,,,,A ? ,,,0,AP,,,,,6.80E+03,3
101,161,262Md,,,,,SF ? ,,,1.60E+03,6,,,,,6.54E+03,20
101,161,262Md,,,,,A ? ,,,1.60E+03,6,,,,,6.54E+03,20
101,144,245Md,0,0.9,ms,25,A  ,,,,,5.10E+03,3,4.10E+03,3,9.01E+03,12
101,144,245Md,0,0.9,ms,25,SF  ,,,,,5.10E+03,3,4.10E+03,3,9.01E+03,12
101,144,245Md,0.3,0.35,s,7,EC  ,,,,,5.10E+03,3,4.10E+03,3,9.01E+03,12
101,144,245Md,0.3,0.35,s,7,A  ,,,,,5.10E+03,3,4.10E+03,3,9.01E+03,12
101,143,244Md,,,,,,,,,,6.60E+03,4,5.60E+03,4,8.95E+03,8
101,146,247Md,0,1.2,s,1,A = 99.90,,,,,4.30E+03,3,3.20E+03,3,8764,10
101,146,247Md,0,1.2,s,1,SF LT 0.10,,,,,4.30E+03,3,3.20E+03,3,8764,10
101,146,247Md,0,0.25,s,4,A = 79.00,,,,,4.30E+03,3,3.20E+03,3,8764,10
101,146,247Md,0,0.25,s,4,SF = 21.00,,,,,4.30E+03,3,3.20E+03,3,8764,10
101,145,246Md,0,0.9,s,2,A = 100.00,,,,,5.90E+03,3,4.90E+03,3,8.89E+03,4
101,145,246Md,0,0.9,s,2,EC AP 77.00,,,,,5.90E+03,3,4.90E+03,3,8.89E+03,4
101,145,246Md,0,0.9,s,2,A LT 23.00,,,,,5.90E+03,3,4.90E+03,3,8.89E+03,4
101,145,246Md,0,0.9,s,2,SF ? ,,,,,5.90E+03,3,4.90E+03,3,8.89E+03,4
101,145,246Md,0,0.9,s,2,EC ? ,,,,,5.90E+03,3,4.90E+03,3,8.89E+03,4
101,148,249Md,0,21.7,s,20,A AP 60.00,,,-4.60E+03,3,3.66E+03,16,2.64E+03,16,8441,18
101,148,249Md,0,21.7,s,20,EC LE 40.00,,,-4.60E+03,3,3.66E+03,16,2.64E+03,16,8441,18
101,148,249Md,0,1.9,s,9,A ? ,,,-4.60E+03,3,3.66E+03,16,2.64E+03,16,8441,18
101,147,248Md,0,13,s,11,A = 58.00,,,-3.70E+03,3,5.05E+03,18,4.03E+03,18,8.50E+03,3
101,147,248Md,0,13,s,11,EC = 42.00,,,-3.70E+03,3,5.05E+03,18,4.03E+03,18,8.50E+03,3
101,149,250Md,0,25,s,5,EC = 93.00,,,-3.17E+03,22,4.33E+03,9,3.30E+03,9,8.16E+03,3
101,149,250Md,0,25,s,5,A = 7.00,,,-3.17E+03,22,4.33E+03,9,3.30E+03,9,8.16E+03,3
102,159,261No,,,,,A ? ,,,-1.10E+03,3,0,AP,-1.10E+03,5,7.44E+03,20
102,158,260No,0,106,ms,8,SF = 100.00,,,-2.67E+03,24,-9.00E+02,4,-2.00E+03,4,7.70E+03,20
102,157,259No,0,58,m,5,A = 75.00,,,-1.77E+03,7,5.20E+02,10,-5.10E+02,10,7854,5
102,157,259No,0,58,m,5,EC = 25.00,,,-1.77E+03,7,5.20E+02,10,-5.10E+02,10,7854,5
102,157,259No,0,58,m,5,SF LT 10.00,,,-1.77E+03,7,5.20E+02,10,-5.10E+02,10,7854,5
102,156,258No,0,1.2,ms,2,SF LE 100.00,,,-3.30E+03,14,-2.10E+02,10,-1.23E+03,10,8.15E+03,10
102,155,257No,0,24.5,s,5,A = 85.00,,,-2.42E+03,5,1255,6,233,6,8477,6
102,155,257No,0,24.5,s,5,EC LT 30.00,,,-2.42E+03,5,1255,6,233,6,8477,6
102,155,257No,0,24.5,s,5,SF LT 1.50,,,-2.42E+03,5,1255,6,233,6,8477,6
102,154,256No,0,2.91,s,5,A = 99.47,,,-3.92E+03,8,3.70E+02,12,-6.50E+02,12,8582,5
102,154,256No,0,2.91,s,5,SF = 0.53,,,-3.92E+03,8,3.70E+02,12,-6.50E+02,12,8582,5
102,153,255No,0,3.52,m,21,EC = 70.00,,,-3135,23,1970,15,948,15,8428,3
102,153,255No,0,3.52,m,21,A = 30.00,,,-3135,23,1970,15,948,15,8428,3
102,152,254No,0,51,s,10,A = 90.00,,,-4.92E+03,9,1.27E+03,10,2.50E+02,10,8226,8
102,152,254No,0,51,s,10,EC = 10.00,,,-4.92E+03,9,1.27E+03,10,2.50E+02,10,8226,8
102,152,254No,0,51,s,10,SF = 0.17,,,-4.92E+03,9,1.27E+03,10,2.50E+02,10,8226,8
102,152,254No,0,0.28,s,4,IT AP 80.00,,,-4.92E+03,9,1.27E+03,10,2.50E+02,10,8226,8
102,151,253No,0,1.62,m,15,A = 55.00,,,-4.16E+03,16,3.19E+03,3,2.16E+03,3,8415,4
102,151,253No,0,1.62,m,15,EC = 45.00,,,-4.16E+03,16,3.19E+03,3,2.16E+03,3,8415,4
102,150,252No,0,2.44,s,4,A = 70.70,,,-5.67E+03,19,2.40E+03,9,1.38E+03,9,8549,5
102,150,252No,0,2.44,s,4,SF = 29.30,,,-5.67E+03,19,2.40E+03,9,1.38E+03,9,8549,5
102,150,252No,0,2.44,s,4,EC LT 1.10,,,-5.67E+03,19,2.40E+03,9,1.38E+03,9,8549,5
102,150,252No,0,110,ms,10,IT = 100.10,,,-5.67E+03,19,2.40E+03,9,1.38E+03,9,8549,5
102,162,264No,,,,,A ? ,,,-1.40E+03,7,,,,,6.80E+03,4
102,161,263No,,,,,SF ? ,,,-5.00E+02,5,,,,,7.00E+03,4
102,161,263No,,,,,A ? ,,,-5.00E+02,5,,,,,7.00E+03,4
102,160,262No,0,5,ms,AP,SF = 100.00,,,-2.00E+03,4,-1.60E+03,6,-2.60E+03,6,7.30E+03,3
102,149,251No,0,0.8,s,1,A = 91.00,,,-5.00E+03,3,3.88E+03,18,2.86E+03,18,8752,4
102,149,251No,0,0.8,s,1,SF LT 0.30,,,-5.00E+03,3,3.88E+03,18,2.86E+03,18,8752,4
102,149,251No,0,0.8,s,1,EC ? ,,,-5.00E+03,3,3.88E+03,18,2.86E+03,18,8752,4
102,149,251No,0.106,1.02,s,3,A = 100.00,,,-5.00E+03,3,3.88E+03,18,2.86E+03,18,8752,4
102,148,250No,0,4.2,us,3,SF = 100.00,,,,,3.17E+03,22,2.15E+03,22,8.95E+03,20
102,148,250No,0,4.2,us,3,A LT 2.00,,,,,3.17E+03,22,2.15E+03,22,8.95E+03,20
102,147,249No,,,,,,,,,,4.60E+03,3,3.60E+03,3,9.17E+03,20
102,146,248No,,2,us,LT,SF ? ,,,,,3.70E+03,3,2.70E+03,3,9.30E+03,10
103,159,262Lr,0,4,h,AP,SF LT 10.00,,,-3.00E+02,3,2.00E+03,4,1.00E+03,4,7.99E+03,20
103,159,262Lr,0,4,h,AP,EC  ,,,-3.00E+02,3,2.00E+03,4,1.00E+03,4,7.99E+03,20
103,159,262Lr,0,4,h,AP,A  ,,,-3.00E+02,3,2.00E+03,4,1.00E+03,4,7.99E+03,20
103,158,261Lr,0,39,m,12,SF = 100.00,,,-1.76E+03,21,1.10E+03,3,0,AP,8.14E+03,20
103,155,258Lr,0,4.1,s,3,A AP 95.00,,,-1.56E+03,10,3.30E+03,14,2.28E+03,14,8904,19
103,155,258Lr,0,4.1,s,3,SF = <  5.00,,,-1.56E+03,10,3.30E+03,14,2.28E+03,14,8904,19
103,154,257Lr,0,4,s,AP,A LT 100.00,,,-3.20E+03,5,2.42E+03,5,1.40E+03,5,9.07E+03,3
103,154,257Lr,0,4,s,AP,EC LT 15.00,,,-3.20E+03,5,2.42E+03,5,1.40E+03,5,9.07E+03,3
103,154,257Lr,0,4,s,AP,SF LT 3.E-2,,,-3.20E+03,5,2.42E+03,5,1.40E+03,5,9.07E+03,3
103,157,260Lr,0,180,s,30,A = 80.00,,,-8.70E+02,24,2.67E+03,24,1.65E+03,24,8.40E+03,14
103,157,260Lr,0,180,s,30,EC LT 40.00,,,-8.70E+02,24,2.67E+03,24,1.65E+03,24,8.40E+03,14
103,157,260Lr,0,180,s,30,SF LT 10.00,,,-8.70E+02,24,2.67E+03,24,1.65E+03,24,8.40E+03,14
103,156,259Lr,0,6.2,s,3,A = 78.00,,,-2.52E+03,10,1.77E+03,7,7.50E+02,7,8.58E+03,7
103,156,259Lr,0,6.2,s,3,SF = 22.00,,,-2.52E+03,10,1.77E+03,7,7.50E+02,7,8.58E+03,7
103,151,254Lr,0,18.4,s,18,A = 71.70,,,-3.60E+03,3,4.92E+03,9,3.90E+03,9,8822,8
103,151,254Lr,0,18.4,s,18,EC = 28.30,,,-3.60E+03,3,4.92E+03,9,3.90E+03,9,8822,8
103,150,253Lr,0,0.57,s,1,A AP 98.70,,,-5.10E+03,4,4.16E+03,16,3.14E+03,16,8918,20
103,150,253Lr,0,0.57,s,1,SF AP 1.30,,,-5.10E+03,4,4.16E+03,16,3.14E+03,16,8918,20
103,150,253Lr,0,1.49,s,9,A = 92.00,,,-5.10E+03,4,4.16E+03,16,3.14E+03,16,8918,20
103,150,253Lr,0,1.49,s,9,SF = 8.00,,,-5.10E+03,4,4.16E+03,16,3.14E+03,16,8918,20
103,153,256Lr,0,27,s,3,A = 85.00,,,-2.48E+03,8,3.92E+03,8,2.90E+03,8,8.85E+03,12
103,153,256Lr,0,27,s,3,EC = 15.00,,,-2.48E+03,8,3.92E+03,8,2.90E+03,8,8.85E+03,12
103,153,256Lr,0,27,s,3,SF LT 0.03,,,-2.48E+03,8,3.92E+03,8,2.90E+03,8,8.85E+03,12
103,152,255Lr,0,31.1,s,13,A = 99.70,,,-4.38E+03,18,3135,23,2113,23,8556,7
103,152,255Lr,0,31.1,s,13,EC = 0.30,,,-4.38E+03,18,3135,23,2113,23,8556,7
103,152,255Lr,0,31.1,s,13,SF LT 0.10,,,-4.38E+03,18,3135,23,2113,23,8556,7
103,152,255Lr,0.037,2.54,s,5,IT AP 60.00,,,-4.38E+03,18,3135,23,2113,23,8556,7
103,152,255Lr,0.037,2.54,s,5,A AP 40.00,,,-4.38E+03,18,3135,23,2113,23,8556,7
103,162,265Lr,,,,,SF ? ,,,0,AP,,,,,7.23E+03,20
103,162,265Lr,,,,,A ? ,,,0,AP,,,,,7.23E+03,20
103,161,264Lr,,,,,SF ? ,,,0,AP,1.40E+03,7,0,AP,7.40E+03,3
103,161,264Lr,,,,,A ? ,,,0,AP,1.40E+03,7,0,AP,7.40E+03,3
103,163,266Lr,0,11,h,16,SF = 100.00,,,1.50E+03,7,,,,,7.60E+03,3
103,160,263Lr,0,,,,A ? ,,,-1.10E+03,3,5.00E+02,5,-5.00E+02,5,7.68E+03,20
103,148,251Lr,,,,,EC ? ,,,,,5.00E+03,3,4.00E+03,3,9.50E+03,3
103,148,251Lr,,,,,A ? ,,,,,5.00E+03,3,4.00E+03,3,9.50E+03,3
103,149,252Lr,0,0.36,s,4,A = 100.00,,,,,5.67E+03,19,4.64E+03,19,9164,17
103,149,252Lr,0,0.36,s,4,EC  ,,,,,5.67E+03,19,4.64E+03,19,9164,17
103,149,252Lr,0,0.36,s,4,SF  ,,,,,5.67E+03,19,4.64E+03,19,9164,17
104,164,268Rf,,,,,A ? ,,,-1.60E+03,8,,,,,8.00E+03,3
104,164,268Rf,,,,,SF ? ,,,-1.60E+03,8,,,,,8.00E+03,3
104,163,267Rf,,,,,,,,-6.00E+02,7,,,,,7.90E+03,3
104,162,266Rf,,,,,SF ? ,,,-2.60E+03,5,-1.50E+03,7,-2.50E+03,7,7.61E+03,20
104,162,266Rf,,,,,A ? ,,,-2.60E+03,5,-1.50E+03,7,-2.50E+03,7,7.61E+03,20
104,161,265Rf,0,1,m,9,SF AP 100.00,,,-1.70E+03,4,0,AP,-6.00E+02,7,7.80E+03,3
104,160,264Rf,0,,,,A ? ,,,-3.20E+03,4,0,AP,-1.30E+03,6,8.00E+03,3
104,156,260Rf,0,21,ms,1,SF LE 100.00,,,-4.52E+03,22,8.70E+02,24,0,AP,8.90E+03,20
104,156,260Rf,0,21,ms,1,A ? ,,,-4.52E+03,22,8.70E+02,24,0,AP,8.90E+03,20
104,155,259Rf,0,2.4,s,4,A = 92.00,,,-3.62E+03,9,2.52E+03,10,1.49E+03,10,9.13E+03,7
104,155,259Rf,0,2.4,s,4,EC = 15.00,,,-3.62E+03,9,2.52E+03,10,1.49E+03,10,9.13E+03,7
104,155,259Rf,0,2.4,s,4,SF = 8.00,,,-3.62E+03,9,2.52E+03,10,1.49E+03,10,9.13E+03,7
104,154,258Rf,0,14.7,ms,11,SF = 69.00,,,-5.16E+03,9,1.56E+03,10,5.40E+02,10,9196,13
104,154,258Rf,0,14.7,ms,11,A = 31.00,,,-5.16E+03,9,1.56E+03,10,5.40E+02,10,9196,13
104,153,257Rf,0,4.4,s,1,A = 79.30,,,-4.29E+03,16,3.20E+03,5,2.18E+03,5,9083,8
104,153,257Rf,0,4.4,s,1,SF = 1.30,,,-4.29E+03,16,3.20E+03,5,2.18E+03,5,9083,8
104,153,257Rf,0,4.4,s,1,EC = 19.4,,,-4.29E+03,16,3.20E+03,5,2.18E+03,5,9083,8
104,153,257Rf,0,4.1,s,4,A LT 88.00,,,-4.29E+03,16,3.20E+03,5,2.18E+03,5,9083,8
104,153,257Rf,0,4.1,s,4,EC = 11.00,,,-4.29E+03,16,3.20E+03,5,2.18E+03,5,9083,8
104,153,257Rf,0,4.1,s,4,SF = < 1.40,,,-4.29E+03,16,3.20E+03,5,2.18E+03,5,9083,8
104,159,263Rf,0,10,m,2,SF = 100.00,,,-2.35E+03,23,1.10E+03,3,0,AP,8.25E+03,15
104,159,263Rf,0,10,m,2,A  ,,,-2.35E+03,23,1.10E+03,3,0,AP,8.25E+03,15
104,158,262Rf,0,2.3,s,4,SF LE 100.00,,,-3.90E+03,3,3.00E+02,3,-7.00E+02,3,8.49E+03,20
104,158,262Rf,0,2.3,s,4,A LT 3.00,,,-3.90E+03,3,3.00E+02,3,-7.00E+02,3,8.49E+03,20
104,157,261Rf,0,68,s,3,A = 100.00,,,-2.99E+03,13,1.76E+03,21,7.40E+02,21,8.65E+03,7
104,157,261Rf,0,68,s,3,SF = 73.00,,,-2.99E+03,13,1.76E+03,21,7.40E+02,21,8.65E+03,7
104,157,261Rf,0,68,s,3,A = 27.00,,,-2.99E+03,13,1.76E+03,21,7.40E+02,21,8.65E+03,7
104,152,256Rf,0,6.67,ms,10,SF = 99.68,,,-6.08E+03,19,2.48E+03,8,1.45E+03,8,8926,15
104,152,256Rf,0,6.67,ms,10,A = 0.32,,,-6.08E+03,19,2.48E+03,8,1.45E+03,8,8926,15
104,151,255Rf,0,1.68,s,9,SF = 58.00,,,-5.30E+03,3,4.38E+03,18,3.36E+03,18,9055,4
104,151,255Rf,0,1.68,s,9,A = 42.00,,,-5.30E+03,3,4.38E+03,18,3.36E+03,18,9055,4
104,151,255Rf,0,1.68,s,9,EC LT 1.00,,,-5.30E+03,3,4.38E+03,18,3.36E+03,18,9055,4
104,150,254Rf,0,23,us,3,SF LE 100.00,,,,,3.60E+03,3,2.50E+03,3,9.21E+03,20
104,149,253Rf,0,48,us,7,SF LE 100.00,,,,,5.10E+03,4,4.10E+03,4,9.40E+03,3
104,149,253Rf,0,48,us,7,A AP 50.00,,,,,5.10E+03,4,4.10E+03,4,9.40E+03,3
104,149,253Rf,0,48,us,7,SF AP 50.00,,,,,5.10E+03,4,4.10E+03,4,9.40E+03,3
104,149,253Rf,0,48,us,7,A  ,,,,,5.10E+03,4,4.10E+03,4,9.40E+03,3
105,164,269Db,,,,,A ? ,,,0,AP,,,,,8.50E+03,3
105,164,269Db,,,,,SF ? ,,,0,AP,,,,,8.50E+03,3
105,163,268Db,0,32,h,4,SF = 100.00,,,0,AP,1.60E+03,8,0,AP,8.30E+03,3
105,165,270Db,0,1,h,15,A = 83.00,,,1.00E+03,7,,,,,8.31E+03,20
105,165,270Db,0,1,h,15,A = 17.00,,,1.00E+03,7,,,,,8.31E+03,20
105,165,270Db,0,23,h,,SF AP 100.00,,,1.00E+03,7,,,,,8.31E+03,20
105,160,265Db,0,,,,A ? ,,,-2.40E+03,3,1.70E+03,4,7.00E+02,4,8.40E+03,10
105,162,267Db,0,73,m,317,SF = 100.00,,,-1.80E+03,5,6.00E+02,7,0,AP,7.90E+03,3
105,161,266Db,,,,,A ? ,,,-9.00E+02,4,2.60E+03,5,1.60E+03,5,8.21E+03,20
105,161,266Db,,,,,SF ? ,,,-9.00E+02,4,2.60E+03,5,1.60E+03,5,8.21E+03,20
105,153,258Db,0,4.2,s,1,A = 65.00,,,-3.80E+03,4,5.16E+03,9,4.14E+03,9,9437,10
105,153,258Db,0,4.2,s,1,EC = 35.00,,,-3.80E+03,4,5.16E+03,9,4.14E+03,9,9437,10
105,153,258Db,0,4.2,s,1,SF LT 1.00,,,-3.80E+03,4,5.16E+03,9,4.14E+03,9,9437,10
105,153,258Db,0,20,s,10,EC = 100.00,,,-3.80E+03,4,5.16E+03,9,4.14E+03,9,9437,10
105,152,257Db,0,2.3,s,2,A AP 94.00,,,,,4.29E+03,16,3.27E+03,16,9206,20
105,152,257Db,0,2.3,s,2,SF LE 6.00,,,,,4.29E+03,16,3.27E+03,16,9206,20
105,152,257Db,0,0.67,s,6,A AP 87.00,,,,,4.29E+03,16,3.27E+03,16,9206,20
105,152,257Db,0,0.67,s,6,SF LE 13.00,,,,,4.29E+03,16,3.27E+03,16,9206,20
105,155,260Db,0,1.52,s,13,A AP 90.40,,,-2.87E+03,10,4.53E+03,22,3.50E+03,22,9.50E+03,4
105,155,260Db,0,1.52,s,13,SF LE 9.60,,,-2.87E+03,10,4.53E+03,22,3.50E+03,22,9.50E+03,4
105,155,260Db,0,1.52,s,13,EC = <  2.50,,,-2.87E+03,10,4.53E+03,22,3.50E+03,22,9.50E+03,4
105,154,259Db,0,0.51,s,16,A  ,,,-4.53E+03,19,3.62E+03,9,2.60E+03,9,9.62E+03,5
105,157,262Db,0,35,s,5,A AP 67.00,,,-2.12E+03,15,3.90E+03,3,2.80E+03,3,9.05E+03,10
105,157,262Db,0,35,s,5,SF  ,,,-2.12E+03,15,3.90E+03,3,2.80E+03,3,9.05E+03,10
105,156,261Db,0,1.8,s,4,A AP 82.00,,,-3.70E+03,11,2.99E+03,13,1.97E+03,13,9.22E+03,10
105,156,261Db,0,1.8,s,4,SF LE 18.00,,,-3.70E+03,11,2.99E+03,13,1.97E+03,13,9.22E+03,10
105,159,264Db,0,,,,A ? ,,,-1.50E+03,4,3.20E+03,4,2.20E+03,4,8.56E+03,20
105,158,263Db,0,27,s,3,SF = 57.00,,,-3.08E+03,19,2.35E+03,23,1.33E+03,23,8.83E+03,15
105,158,263Db,0,27,s,3,A = 43.00,,,-3.08E+03,19,2.35E+03,23,1.33E+03,23,8.83E+03,15
105,158,263Db,0,27,s,3,EC = 3.00,,,-3.08E+03,19,2.35E+03,23,1.33E+03,23,8.83E+03,15
105,151,256Db,0,1.6,s,2,A AP 70.00,,,,,6.08E+03,19,5.05E+03,19,9.34E+03,3
105,151,256Db,0,1.6,s,2,EC AP 30.00,,,,,6.08E+03,19,5.05E+03,19,9.34E+03,3
105,151,256Db,0,1.6,s,2,SF AP 0.02,,,,,6.08E+03,19,5.05E+03,19,9.34E+03,3
105,150,255Db,0,1.6,s,2,A = 80.00,,,,,5.30E+03,3,4.20E+03,3,9.34E+03,20
105,150,255Db,0,1.6,s,2,SF AP 20.00,,,,,5.30E+03,3,4.20E+03,3,9.34E+03,20
106,158,264Sg,0,37,ms,16,SF = 100.00,,,-5.20E+03,3,1.50E+03,4,5.00E+02,4,9.21E+03,20
106,158,264Sg,0,37,ms,16,A LT 36.00,,,-5.20E+03,3,1.50E+03,4,5.00E+02,4,9.21E+03,20
106,157,263Sg,0,1,s,2,A AP 70.00,,,-4.30E+03,3,3.09E+03,19,2.06E+03,19,9.40E+03,6
106,157,263Sg,0,1,s,2,SF LT 30.00,,,-4.30E+03,3,3.09E+03,19,2.06E+03,19,9.40E+03,6
106,157,263Sg,0,0.12,s,,IT ? ,,,-4.30E+03,3,3.09E+03,19,2.06E+03,19,9.40E+03,6
106,157,263Sg,0,0.12,s,,A = ?,,,-4.30E+03,3,3.09E+03,19,2.06E+03,19,9.40E+03,6
106,156,262Sg,0,6.9,ms,20,SF AP 78.00,,,-5.88E+03,10,2.12E+03,15,1.09E+03,15,9600,15
106,156,262Sg,0,6.9,ms,20,A LE 22.00,,,-5.88E+03,10,2.12E+03,15,1.09E+03,15,9600,15
106,155,261Sg,0,178,ms,14,A = 100.00,,,-5.07E+03,18,3.70E+03,11,2.68E+03,11,9714,15
106,155,261Sg,0,178,ms,14,SF LT 1.00,,,-5.07E+03,18,3.70E+03,11,2.68E+03,11,9714,15
106,154,260Sg,0,4.95,ms,33,SF = 50.00,,,-6.58E+03,20,2.88E+03,10,1.85E+03,10,9901,10
106,154,260Sg,0,4.95,ms,33,A = 50.00,,,-6.58E+03,20,2.88E+03,10,1.85E+03,10,9901,10
106,153,259Sg,0,0.29,s,5 5,A = 96.00,,,,,4.53E+03,19,3.51E+03,19,9765,8
106,153,259Sg,0,0.29,s,5 5,A = 90.00,,,,,4.53E+03,19,3.51E+03,19,9765,8
106,153,259Sg,0,0.29,s,5 5,SF LT 20.00,,,,,4.53E+03,19,3.51E+03,19,9765,8
106,153,259Sg,0,0.29,s,5 5,EC LE 13.00,,,,,4.53E+03,19,3.51E+03,19,9765,8
106,153,259Sg,0,0.28,s,5,A< = 100.00,,,,,4.53E+03,19,3.51E+03,19,9765,8
106,152,258Sg,0,2.9,ms,6,SF LE 100.00,,,,,3.80E+03,4,2.80E+03,4,9.70E+03,3
106,152,258Sg,0,2.9,ms,6,A ? ,,,,,3.80E+03,4,2.80E+03,4,9.70E+03,3
106,159,265Sg,0,14.4,s,12,SF LE 51.00,,,-3.60E+03,3,2.40E+03,3,1.40E+03,3,9.05E+03,12
106,159,265Sg,0,14.4,s,12,A AP 50.00,,,-3.60E+03,3,2.40E+03,3,1.40E+03,3,9.05E+03,12
106,159,265Sg,0,14.4,s,12,SF LE 50.00,,,-3.60E+03,3,2.40E+03,3,1.40E+03,3,9.05E+03,12
106,159,265Sg,0,14.4,s,12,A AP 49.00,,,-3.60E+03,3,2.40E+03,3,1.40E+03,3,9.05E+03,12
106,161,267Sg,,,,,,,,-3.00E+03,4,1.80E+03,5,8.00E+02,5,8.63E+03,21
106,160,266Sg,0,21,s,8,SF AP 50.00,,,-4.50E+03,3,9.00E+02,4,0,AP,8.80E+03,10
106,160,266Sg,0,21,s,8,A AP 18.00,,,-4.50E+03,3,9.00E+02,4,0,AP,8.80E+03,10
106,167,273Sg,,,,,SF ? ,,,-8.00E+02,8,,,,,,
106,166,272Sg,,,,,A ? ,,,-2.30E+03,9,,,,,8.62E+03,20
106,166,272Sg,,,,,SF ? ,,,-2.30E+03,9,,,,,8.62E+03,20
106,165,271Sg,0,2.4,m,33,A AP 50.00,,,-1.20E+03,7,,,,,8.75E+03,14
106,165,271Sg,0,2.4,m,33,SF AP 50.00,,,-1.20E+03,7,,,,,8.75E+03,14
106,164,270Sg,,,,,A ? ,,,-2.80E+03,5,-1.00E+03,7,-2.00E+03,7,8.87E+03,20
106,164,270Sg,,,,,SF ? ,,,-2.80E+03,5,-1.00E+03,7,-2.00E+03,7,8.87E+03,20
106,163,269Sg,0,3.1,m,26,A AP 100.00,,,-1.80E+03,5,0,AP,0,AP,8.58E+03,7
106,162,268Sg,,,,,SF ? ,,,-3.90E+03,6,0,AP,-1.30E+03,7,8.30E+03,3
106,162,268Sg,,,,,A ? ,,,-3.90E+03,6,0,AP,-1.30E+03,7,8.30E+03,3
107,171,278Bh,,,,,,,,1.20E+03,5,,,,,,
107,170,277Bh,,,,,,,,0,AP,,,,,,
107,169,276Bh,,,,,,,,8.00E+02,9,,,,,,
107,155,262Bh,0,22,ms,4,A LT 100.00,,,,,5.88E+03,10,4.86E+03,10,10319,15
107,155,262Bh,0,22,ms,4,A LT 100.00,,,,,5.88E+03,10,4.86E+03,10,10319,15
107,154,261Bh,0,11.8,ms,15,A = 95.00,,,,,5.07E+03,18,4.05E+03,18,1.05E+04,7
107,154,261Bh,0,11.8,ms,15,SF LT 10.00,,,,,5.07E+03,18,4.05E+03,18,1.05E+04,7
107,157,264Bh,0,0.44,s,44,A LE 100.00,,,-3.60E+03,18,5.20E+03,3,4.20E+03,3,9.86E+03,15
107,156,263Bh,0,,,,A ? ,,,-5.20E+03,4,4.30E+03,3,3.30E+03,3,1.01E+04,3
107,153,260Bh,0,35,ms,10,A AP 100.00,,,,,6.58E+03,20,5.55E+03,20,1.04E+04,6
107,153,260Bh,0,35,ms,10,EC LT 18.00,,,,,6.58E+03,20,5.55E+03,20,1.04E+04,6
107,153,260Bh,0,35,ms,10,SF LT 18.00,,,,,6.58E+03,20,5.55E+03,20,1.04E+04,6
107,160,267Bh,0,17,s,8,A = 100.00,,,-3.90E+03,3,3.00E+03,4,1.90E+03,4,9.23E+03,20
107,166,273Bh,,,,,A ? ,,,-1.10E+03,8,8.00E+02,8,0,AP,9.11E+03,20
107,166,273Bh,,,,,SF ? ,,,-1.10E+03,8,8.00E+02,8,0,AP,9.11E+03,20
107,165,272Bh,0,10,s,8,A = 100.00,,,0,AP,2.30E+03,9,1.20E+03,9,9.30E+03,5
107,168,275Bh,,,,,SF ? ,,,-7.00E+02,8,,,,,,
107,167,274Bh,0,0.9,m,38,A = 100.00,,,0,AP,,,,,8.94E+03,6
107,167,274Bh,0,0.9,m,38,SF  ,,,0,AP,,,,,8.94E+03,6
107,162,269Bh,,,,,,,,-3.00E+03,4,1.80E+03,5,8.00E+02,5,8.70E+03,3
107,161,268Bh,,,,,,,,-2.30E+03,5,3.90E+03,6,2.90E+03,6,9.00E+03,3
107,164,271Bh,0,,,,A ? ,,,-1.80E+03,5,1.20E+03,7,0,AP,9.42E+03,9
107,163,270Bh,0,6.00E+01,s,26,A  ,,,-9.00E+02,4,2.80E+03,5,1.80E+03,5,9.06E+03,10
107,159,266Bh,0,1.7,s,74,A = 100.00,,,-3.04E+03,17,4.50E+03,3,3.50E+03,3,9.43E+03,8
107,158,265Bh,0,0.9,s,4,A  ,,,-4.50E+03,24,3.60E+03,3,2.60E+03,3,9.66E+03,21
108,159,267Hs,0,52,ms,5,A AP 80.00,,,-5.10E+03,5,3.90E+03,3,2.90E+03,3,10038,13
108,159,267Hs,0,52,ms,5,SF LT 20.00,,,-5.10E+03,5,3.90E+03,3,2.90E+03,3,10038,13
108,159,267Hs,0,0.8,s,34,A = 100.00,,,-5.10E+03,5,3.90E+03,3,2.90E+03,3,10038,13
108,158,266Hs,0,2.3,ms,7,A = 100.00,,,-6.53E+03,10,3.04E+03,17,2.01E+03,17,10346,16
108,158,266Hs,0,2.3,ms,7,SF LT 1.40,,,-6.53E+03,10,3.04E+03,17,2.01E+03,17,10346,16
108,157,265Hs,0,1.9,ms,2,A LT 100.00,,,-5.70E+03,4,4.51E+03,24,3.48E+03,24,10470,15
108,157,265Hs,0,1.9,ms,2,SF LE 1.00,,,-5.70E+03,4,4.51E+03,24,3.48E+03,24,10470,15
108,157,265Hs,0.3,0.3,ms,1,A LT 100.00,,,-5.70E+03,4,4.51E+03,24,3.48E+03,24,10470,15
108,163,271Hs,0,,,,A ? ,,,-3.40E+03,4,1.80E+03,5,8.00E+02,5,9.46E+03,9
108,163,271Hs,0,,,,SF ? ,,,-3.40E+03,4,1.80E+03,5,8.00E+02,5,9.46E+03,9
108,162,270Hs,0,22,s,,A = 100.00,,,-5.60E+03,3,9.00E+02,4,0,AP,9.07E+03,4
108,161,269Hs,0,9.7,s,90,A AP 100.00,,,-4.80E+03,3,3.00E+03,4,2.00E+03,4,9.27E+03,17
108,160,268Hs,,0.4,s,16,A  ,,,-6.20E+03,4,2.30E+03,5,1.20E+03,5,9.76E+03,10
108,167,275Hs,0,0.15,s,21,A = 100.00,,,-2.30E+03,7,7.00E+02,8,0,AP,9.45E+03,5
108,166,274Hs,,,,,A ? ,,,-3.80E+03,6,0,AP,-1.40E+03,7,9.55E+03,10
108,166,274Hs,,,,,SF ? ,,,-3.80E+03,6,0,AP,-1.40E+03,7,9.55E+03,10
108,165,273Hs,0,0.76,s,47,A AP 100.00,,,-3.00E+03,6,1.10E+03,8,0,AP,9.65E+03,6
108,164,272Hs,0,,,,SF ? ,,,-4.50E+03,7,0,AP,-8.00E+02,7,9.78E+03,20
108,164,272Hs,0,,,,A ? ,,,-4.50E+03,7,0,AP,-8.00E+02,7,9.78E+03,20
108,156,264Hs,0,0.8,ms,AP,SF AP 50.00,,,,,3.61E+03,18,2.58E+03,18,10591,20
108,156,264Hs,0,0.8,ms,AP,A AP 50.00,,,,,3.61E+03,18,2.58E+03,18,10591,20
108,155,263Hs,0,0.74,ms,27,A LE 100.00,,,,,5.20E+03,4,4.20E+03,4,1.07E+04,8
108,155,263Hs,0,0.74,ms,27,SF LT 8.40,,,,,5.20E+03,4,4.20E+03,4,1.07E+04,8
108,169,277Hs,0,3,ms,14,A AP 100.00,,,-1.60E+03,8,0,AP,-7.00E+02,7,9.03E+03,20
108,168,276Hs,,,,,A ? ,,,-3.10E+03,9,-8.00E+02,9,-1.80E+03,9,9.24E+03,20
108,168,276Hs,,,,,SF ? ,,,-3.10E+03,9,-8.00E+02,9,-1.80E+03,9,9.24E+03,20
108,170,278Hs,,,,,,,,-2.50E+03,7,-1.10E+03,5,-2.20E+03,5,,
108,172,280Hs,,,,,,,,-2.10E+03,8,,,,,,
108,171,279Hs,,,,,,,,-1.10E+03,9,,,,,,
109,171,280Mt,,,,,,,,0,AP,2.10E+03,8,1.10E+03,8,9.10E+03,8
109,170,279Mt,,,,,A ? ,,,-1.40E+03,9,1.10E+03,9,0,AP,9.40E+03,3
109,170,279Mt,,,,,SF ? ,,,-1.40E+03,9,1.10E+03,9,0,AP,9.40E+03,3
109,173,282Mt,,,,,,,,7.00E+02,5,,,,,8.66E+03,20
109,172,281Mt,,,,,,,,-9.00E+02,8,,,,,8.90E+03,8
109,168,277Mt,0,5,s,7,SF AP 100.00,,,-2.10E+03,8,1.60E+03,8,0,AP,9.90E+03,10
109,168,277Mt,0,5,s,7,A ? ,,,-2.10E+03,8,1.60E+03,8,0,AP,9.90E+03,10
109,167,276Mt,0,0.72,s,62,A = 100.00,,,-1.20E+03,8,3.10E+03,9,2.10E+03,9,10100,10
109,169,278Mt,0,8,s,33,A = 100.00,,,0,AP,2.50E+03,7,1.50E+03,7,9.58E+03,3
109,169,278Mt,0,8,s,33,SF  ,,,0,AP,2.50E+03,7,1.50E+03,7,9.58E+03,3
109,160,269Mt,,,,,,,,-5.50E+03,3,4.80E+03,3,3.80E+03,3,1.05E+04,20
109,162,271Mt,,,,,A ? ,,,-4.90E+03,3,3.40E+03,4,2.40E+03,4,9.91E+03,20
109,161,270Mt,0,5,ms,21,A = 100.00,,,-3.97E+03,20,5.60E+03,3,4.60E+03,3,1.02E+04,10
109,164,273Mt,,,,,A ? ,,,-3.50E+03,4,3.00E+03,6,2.00E+03,6,1.09E+04,20
109,164,273Mt,,,,,SF ? ,,,-3.50E+03,4,3.00E+03,6,2.00E+03,6,1.09E+04,20
109,163,272Mt,,,,,A ? ,,,-2.60E+03,6,4.50E+03,7,3.50E+03,7,1.04E+04,3
109,163,272Mt,,,,,SF ? ,,,-2.60E+03,6,4.50E+03,7,3.50E+03,7,1.04E+04,3
109,166,275Mt,0,9.7,ms,456,A = 100.00,,,-2.90E+03,5,2.30E+03,7,1.30E+03,7,1.05E+04,5
109,165,274Mt,0,0.44,s,64,A = 100.00,,,-1.90E+03,5,3.80E+03,6,2.80E+03,6,1.06E+04,23
109,165,274Mt,0,0.44,s,64,SF  ,,,-1.90E+03,5,3.80E+03,6,2.80E+03,6,1.06E+04,23
109,157,266Mt,0,1.7,ms,2,A LE 100.00,,,,,6.53E+03,10,5.51E+03,10,1.10E+04,3
109,156,265Mt,,,,,A ? ,,,,,5.70E+03,4,4.70E+03,4,1.11E+04,4
109,159,268Mt,0,21,ms,3,A = 100.00,,,-4.50E+03,4,6.20E+03,4,5.20E+03,4,1.08E+04,15
109,158,267Mt,0,,,,A ? ,,,-6.10E+03,5,5.10E+03,5,4.10E+03,5,1.09E+04,4
110,157,267Ds,0,2.8,us,132,A = 100.00,,,,,6.10E+03,5,5.10E+03,5,1.18E+04,5
110,159,269Ds,0,179,us,239,A = 100.00,,,,,5.50E+03,3,4.50E+03,3,1.15E+04,3
110,158,268Ds,,,,,A  ,,,,,4.50E+03,4,3.50E+03,4,1.17E+04,3
110,171,281Ds,0,13,s,2,A ? ,,,-2.10E+03,9,9.00E+02,8,0,AP,9.47E+03,21
110,171,281Ds,0,9.6,s,25,SF AP 100.00,,,-2.10E+03,9,9.00E+02,8,0,AP,9.47E+03,21
110,171,281Ds,0,9.6,s,25,A AP 100.00,,,-2.10E+03,9,9.00E+02,8,0,AP,9.47E+03,21
110,171,281Ds,0,9.6,s,25,A ? ,,,-2.10E+03,9,9.00E+02,8,0,AP,9.47E+03,21
110,170,280Ds,,,,,,,,-3.60E+03,9,0,AP,-1.20E+03,10,9.71E+03,20
110,174,284Ds,,,,,,,,-2.50E+03,7,,,,,8.60E+03,8
110,173,283Ds,,,,,,,,-1.50E+03,8,,,,,8.90E+03,8
110,172,282Ds,,,,,,,,-3.00E+03,7,-7.00E+02,5,-1.70E+03,5,9.10E+03,4
110,160,270Ds,0,0.1,ms,10,A = 100.00,,,,,3.97E+03,20,2.95E+03,20,1.11E+04,3
110,160,270Ds,0,0.1,ms,10,SF LT 0.20,,,,,3.97E+03,20,2.95E+03,20,1.11E+04,3
110,160,270Ds,1.13,6,ms,60,A AP 70.00,,,,,3.97E+03,20,2.95E+03,20,1.11E+04,3
110,160,270Ds,1.13,6,ms,60,IT LE 30.00,,,,,3.97E+03,20,2.95E+03,20,1.11E+04,3
110,168,278Ds,,,,,SF ? ,,,-4.30E+03,6,0,AP,0,AP,1.04E+04,20
110,168,278Ds,,,,,A ? ,,,-4.30E+03,6,0,AP,0,AP,1.04E+04,20
110,167,277Ds,0,4.1,ms,24,A AP 100.00,,,-3.30E+03,6,2.10E+03,8,1.10E+03,8,1.09E+04,12
110,166,276Ds,,,,,SF ? ,,,-4.80E+03,8,1.20E+03,8,0,AP,1.11E+04,20
110,166,276Ds,,,,,A ? ,,,-4.80E+03,8,1.20E+03,8,0,AP,1.11E+04,20
110,165,275Ds,,,,,A ? ,,,-3.70E+03,6,2.90E+03,5,1.90E+03,5,1.16E+04,20
110,164,274Ds,,,,,SF ? ,,,-5.40E+03,4,1.90E+03,5,9.00E+02,5,1.17E+04,3
110,164,274Ds,,,,,A ? ,,,-5.40E+03,4,1.90E+03,5,9.00E+02,5,1.17E+04,3
110,163,273Ds,0,0.17,ms,11,A = 100.00,,,-4.60E+03,4,3.50E+03,4,2.50E+03,4,1.14E+04,5
110,162,272Ds,0,,,,SF  ,,,-6.70E+03,5,2.60E+03,6,1.60E+03,6,1.07E+04,3
110,161,271Ds,0,1.63,ms,42,A = 100.00,,,,,4.90E+03,3,3.80E+03,3,10870,18
110,161,271Ds,0,69,ms,35,A AP 0.00,,,,,4.90E+03,3,3.80E+03,3,10870,18
110,161,271Ds,0,69,ms,35,IT ? ,,,,,4.90E+03,3,3.80E+03,3,10870,18
110,169,279Ds,0,0.18,s,2,SF AP 90.00,,,-2.70E+03,7,1.40E+03,9,0,AP,1.01E+04,12
110,169,279Ds,0,0.18,s,2,A AP 10.00,,,-2.70E+03,7,1.40E+03,9,0,AP,1.01E+04,12
111,175,286Rg,,,,,,,,0,AP,,,,,8.63E+03,10
111,173,284Rg,,,,,,,,0,AP,2.50E+03,7,1.50E+03,7,9.00E+03,8
111,174,285Rg,,,,,,,,-1.40E+03,8,,,,,8.90E+03,8
111,171,282Rg,0,0.5,s,23,A = 100.00,,,-1.10E+03,8,3.00E+03,7,1.90E+03,7,9.55E+03,10
111,171,282Rg,0,0.5,s,23,SF  ,,,-1.10E+03,8,3.00E+03,7,1.90E+03,7,9.55E+03,10
111,172,283Rg,,,,,SF ? ,,,-2.00E+03,9,1.60E+03,8,0,AP,9.37E+03,10
111,172,283Rg,,,,,A ? ,,,-2.00E+03,9,1.60E+03,8,0,AP,9.37E+03,10
111,170,281Rg,0,17,s,3,SF AP 100.00,,,-2.60E+03,9,2.10E+03,9,1.00E+03,9,9.90E+03,4
111,170,281Rg,0,17,s,3,A = 13.00,,,-2.60E+03,9,2.10E+03,9,1.00E+03,9,9.90E+03,4
111,166,277Rg,,,,,SF ? ,,,-3.90E+03,5,3.30E+03,6,2.30E+03,6,1.12E+04,20
111,166,277Rg,,,,,A ? ,,,-3.90E+03,5,3.30E+03,6,2.30E+03,6,1.12E+04,20
111,167,278Rg,0,4.2,ms,59,A = 100.00,,,-2.30E+03,6,4.30E+03,6,3.20E+03,6,1.09E+04,10
111,167,278Rg,0,4.2,ms,59,SF  ,,,-2.30E+03,6,4.30E+03,6,3.20E+03,6,1.09E+04,10
111,164,275Rg,,,,,A ? ,,,,,3.70E+03,6,2.70E+03,6,1.19E+04,3
111,165,276Rg,,,,,A ? ,,,-3.00E+03,8,4.80E+03,8,3.80E+03,8,1.15E+04,4
111,165,276Rg,,,,,SF ? ,,,-3.00E+03,8,4.80E+03,8,3.80E+03,8,1.15E+04,4
111,162,273Rg,,,,,A ? ,,,,,4.60E+03,4,3.60E+03,4,1.12E+04,25
111,163,274Rg,,6.4,ms,305,A = 100.00,,,,,5.40E+03,4,4.40E+03,4,1.15E+04,9
111,161,272Rg,0,3.8,ms,6,A = 100.00,,,,,6.70E+03,5,5.70E+03,5,11197,13
111,168,279Rg,0,0.17,s,73,A = 100.00,,,-3.30E+03,6,2.70E+03,7,1.70E+03,7,1.05E+04,17
111,169,280Rg,0,3.6,s,30,A = 100.00,,,-1.80E+03,8,3.60E+03,9,2.50E+03,9,10149,10
112,164,276Cn,,,,,,,,,,3.00E+03,8,2.00E+03,8,1.19E+04,7
112,165,277Cn,,,,,,,,,,3.90E+03,5,2.90E+03,5,1.16E+04,6
112,166,278Cn,,,,,A ? ,,,-6.20E+03,5,2.30E+03,6,1.30E+03,6,1.12E+04,20
112,166,278Cn,,,,,SF ? ,,,-6.20E+03,5,2.30E+03,6,1.30E+03,6,1.12E+04,20
112,167,279Cn,,,,,SF ? ,,,-4.40E+03,7,3.30E+03,6,2.30E+03,6,1.09E+04,20
112,167,279Cn,,,,,A ? ,,,-4.40E+03,7,3.30E+03,6,2.30E+03,6,1.09E+04,20
112,168,280Cn,,,,,A ? ,,,-5.60E+03,7,1.80E+03,8,7.00E+02,8,1.07E+04,20
112,168,280Cn,,,,,SF ? ,,,-5.60E+03,7,1.80E+03,8,7.00E+02,8,1.07E+04,20
112,169,281Cn,0,0.13,s,8,A AP 100.00,,,-3.90E+03,5,2.60E+03,9,1.60E+03,9,1.04E+04,6
112,174,286Cn,,,,,,,,-3.50E+03,9,0,AP,-1.10E+03,8,9.20E+03,8
112,175,287Cn,,,,,,,,-2.10E+03,10,,,,,9.10E+03,9
112,176,288Cn,,,,,,,,-3.00E+03,10,,,,,9.00E+03,9
112,170,282Cn,0,0.5,ms,32,SF = 100.00,,,-4.90E+03,7,1.10E+03,8,0,AP,1.02E+04,20
112,171,283Cn,0,4,s,6,A AP 90.00,,,-3.20E+03,8,2.00E+03,9,9.00E+02,9,9.89E+03,11
112,171,283Cn,0,4,s,6,SF = 50.00,,,-3.20E+03,8,2.00E+03,9,9.00E+02,9,9.89E+03,11
112,171,283Cn,0,4,s,6,A = 50.00,,,-3.20E+03,8,2.00E+03,9,9.00E+02,9,9.89E+03,11
112,171,283Cn,0,4,s,6,SF LE 10.00,,,-3.20E+03,8,2.00E+03,9,9.00E+02,9,9.89E+03,11
112,172,284Cn,0,101,ms,19,SF = 100.00,,,-4.20E+03,9,0,AP,0,AP,9.67E+03,15
112,173,285Cn,0,30,s,20,A = 100.00,,,-2.70E+03,9,1.40E+03,8,0,AP,9.39E+03,12
113,165,278Nh,0,0.24,ms,+114-,A = 100.00,,,,,6.20E+03,5,5.20E+03,5,1.20E+04,8
113,168,281Nh,,,,,,,,,,3.90E+03,5,2.80E+03,5,1.10E+04,6
113,169,282Nh,0,0.07,s,10,A = 100.00,,,,,4.90E+03,7,3.90E+03,7,1.08E+04,10
113,166,279Nh,,,,,,,,,,4.40E+03,7,3.40E+03,7,1.16E+04,7
113,167,280Nh,,,,,,,,,,5.60E+03,7,4.60E+03,7,1.14E+04,7
113,171,284Nh,0,0.48,s,41,A = 100.00,,,-2.20E+03,8,4.20E+03,9,3.20E+03,9,1.03E+04,4
113,172,285Nh,0,5.5,s,32,A = 100.00,,,-3.20E+03,9,2.70E+03,9,1.70E+03,9,1.00E+04,4
113,172,285Nh,0,5.5,s,32,SF  ,,,-3.20E+03,9,2.70E+03,9,1.70E+03,9,1.00E+04,4
113,170,283Nh,0,100,ms,486,A = 100.00,,,,,3.20E+03,8,2.20E+03,8,1.04E+04,11
113,175,288Nh,,,,,,,,-9.00E+02,10,3.00E+03,10,2.00E+03,10,9.60E+03,9
113,176,289Nh,,,,,,,,-1.90E+03,7,,,,,9.40E+03,8
113,173,286Nh,0,20,s,85,A = 100.00,,,-1.60E+03,8,3.50E+03,9,2.50E+03,9,9.79E+03,5
113,173,286Nh,0,20,s,85,SF  ,,,-1.60E+03,8,3.50E+03,9,2.50E+03,9,9.79E+03,5
113,174,287Nh,,,,,A ? ,,,-2.50E+03,9,2.10E+03,10,1.10E+03,10,9.65E+03,20
113,174,287Nh,,,,,SF ? ,,,-2.50E+03,9,2.10E+03,10,1.10E+03,10,9.65E+03,20
113,177,290Nh,,,,,,,,0,AP,,,,,9.38E+03,10
114,170,284Fl,0,2.5,ms,10,SF AP 100.00,,,,,2.20E+03,8,1.20E+03,8,1.07E+04,3
114,171,285Fl,0,0.15,s,9,A AP 100.00,,,,,3.20E+03,9,2.10E+03,9,1.06E+04,7
114,172,286Fl,0,0.16,s,4,SF AP 60.00,,,,,1.60E+03,8,0,AP,1.04E+04,4
114,172,286Fl,0,0.16,s,4,A AP 40.00,,,,,1.60E+03,8,0,AP,1.04E+04,4
114,173,287Fl,0,0.51,s,8,A = 100.00,,,-3.80E+03,8,2.50E+03,9,1.50E+03,9,1.02E+04,5
114,174,288Fl,0,0.52,s,9,A = 100.00,,,-4.70E+03,9,9.00E+02,10,0,AP,10076,12
114,175,289Fl,0,0.97,s,65,A = 100.00,,,-3.20E+03,9,1.90E+03,7,9.00E+02,7,9.95E+03,7
114,175,289Fl,0,2.7,s,7,A = 100.00,,,-3.20E+03,9,1.90E+03,7,9.00E+02,7,9.95E+03,7
114,176,290Fl,,,,,,,,-4.10E+03,9,0,AP,0,AP,9.86E+03,3
114,177,291Fl,,,,,,,,-2.70E+03,10,,,,,9.70E+03,10
115,177,292Mc,,,,,,,,-1.50E+03,10,,,,,1.02E+04,10
115,175,290Mc,0,16,ms,69,A = 100.00,,,-2.20E+03,8,4.10E+03,9,3.00E+03,9,1.04E+04,4
115,175,290Mc,0,16,ms,69,SF  ,,,-2.20E+03,8,4.10E+03,9,3.00E+03,9,1.04E+04,4
115,176,291Mc,,,,,A ? ,,,-3.10E+03,10,2.70E+03,10,1.70E+03,10,1.03E+04,20
115,176,291Mc,,,,,SF ? ,,,-3.10E+03,10,2.70E+03,10,1.70E+03,10,1.03E+04,20
115,173,288Mc,,87,ms,75,A = 100.00,,,,,4.70E+03,9,3.70E+03,9,1.07E+04,5
115,174,289Mc,0,0.22,s,18,A = 100.00,,,-3.80E+03,9,3.20E+03,9,2.20E+03,9,1.05E+04,5
115,174,289Mc,0,0.22,s,18,SF  ,,,-3.80E+03,9,3.20E+03,9,2.20E+03,9,1.05E+04,5
115,172,287Mc,,32,ms,141,A = 100.00,,,,,3.80E+03,8,2.80E+03,8,1.08E+04,7
116,174,290Lv,0,15,ms,20,A = 100.00,,,,,2.20E+03,8,1.20E+03,8,1.10E+04,6
116,175,291Lv,0,6.3,ms,114,A = 100.00,,,-4.40E+03,9,3.10E+03,10,2.00E+03,10,1.09E+04,9
116,176,292Lv,0,18,ms,10,A = 100.00,,,-5.50E+03,10,1.50E+03,10,0,AP,10791,12
116,177,293Lv,0,53,ms,43,A = 100.00,,,-3.90E+03,9,,,,,1.07E+04,6
116,173,289Lv,,,,,,,,,,3.80E+03,9,2.80E+03,9,1.11E+04,3
117,175,292Ts,,,,,SF ? ,,,,,5.50E+03,10,4.50E+03,10,1.15E+04,4
117,175,292Ts,,,,,A ? ,,,,,5.50E+03,10,4.50E+03,10,1.15E+04,4
117,176,293Ts,0,14,ms,7,A = 100.00,,,-4.40E+03,11,3.90E+03,9,2.80E+03,9,1.13E+04,5
117,176,293Ts,0,14,ms,7,SF  ,,,-4.40E+03,11,3.90E+03,9,2.80E+03,9,1.13E+04,5
117,174,291Ts,,,,,SF ? ,,,,,4.40E+03,9,3.40E+03,9,1.15E+04,4
117,174,291Ts,,,,,A ? ,,,,,4.40E+03,9,3.40E+03,9,1.15E+04,4
117,177,294Ts,0,0.08,s,33,A = 100.00,,,-2.90E+03,8,,,,,1.12E+04,4
118,175,293Og,,,,,,,,,,4.40E+03,11,3.40E+03,11,1.19E+04,5
118,176,294Og,,,,,,,,,,2.90E+03,8,1.90E+03,8,1.19E+04,3
118,177,295Og,,,,,,,,,,,,,,1.17E+04,20
